symbol,side,entry_time,entry,exit_time,exit,exit_reason,net_bps
AAPL,short,2018-08-31,53.55648297936392,2018-09-06,52.369024607234394,target,215.7207527587406
MSFT,long,2018-10-31,97.79473990349346,2018-11-07,102.945693577044,target,520.7107084321343
MSFT,long,2018-11-21,96.50325392014697,2018-11-28,101.34904250609749,target,496.1373258522699
NVDA,long,2018-08-21,6.143796757792996,2018-08-22,6.400341560677739,target,411.56720314573005
NVDA,long,2018-11-21,3.824842525477642,2018-12-06,3.919545888900757,time,241.60068628260302
NVDA,short,2018-08-16,6.475089539006796,2018-08-17,6.253568622621382,target,336.11251450801285
AMZN,long,2018-10-31,78.49949645996094,2018-11-02,84.49739374559823,target,758.0682496220275
AMZN,long,2018-11-21,77.14949798583984,2018-11-28,82.93749123200423,target,744.230837176249
META,long,2018-10-31,153.65070640888268,2018-10-31,148.2580859108968,stop,-356.96620276092284
META,long,2018-11-21,133.23003563116546,2018-12-03,141.75516267065694,target,633.8802641689949
META,long,2018-12-21,132.22882859152864,2018-12-21,126.93943220153234,stop,-406.01839586251697
META,long,2018-12-27,131.2871037414817,2019-01-08,140.4348907454518,target,690.7772723498466
META,short,2019-02-01,164.39634462521155,2019-02-05,170.33587335048725,stop,-367.2932354923437
GOOGL,long,2018-09-06,59.40177671377289,2018-09-06,58.26752225184585,stop,-196.9462182238153
GOOGL,long,2018-10-29,54.345113230013254,2018-10-29,52.525672316026714,stop,-340.7938399329187
GOOGL,short,2018-12-04,55.1603890404055,2018-12-04,52.837023553990676,target,415.2017947721391
TSLA,long,2018-09-10,18.21733283996582,2018-09-13,19.64730474529508,target,778.9512976960815
TSLA,short,2018-12-10,24.0,2018-12-13,24.99375498959118,stop,-420.0645789963249
AMD,short,2018-08-28,25.510000228881836,2018-09-04,26.57184272797425,stop,-422.2455858742886
AMD,short,2018-09-14,31.43000030517578,2018-09-17,33.163457523736774,stop,-557.5294946642224
AMD,short,2019-01-10,19.760000228881836,2019-01-24,20.850000381469727,time,-557.6195040295147
SPY,long,2018-12-07,239.65393555098828,2018-12-07,235.26397204644445,stop,-189.1792786732611
SPY,long,2018-12-27,216.998177732737,2019-01-04,225.6619515710675,target,393.2556033812011
SPY,short,2018-09-24,259.11377269620436,2018-10-03,260.75556029512035,stop,-69.36164927986499
QQQ,long,2018-10-09,170.59171419407338,2018-10-10,168.28421447682484,stop,-141.26446628136958
QQQ,long,2018-12-27,143.57222015706,2019-01-07,150.63593680627355,target,485.99745197826104
JPM,short,2018-09-24,94.7610180129243,2018-09-26,92.88491955297611,target,191.98209213965023
BAC,long,2018-09-20,25.98428280805095,2018-09-24,25.630200167853534,stop,-142.2680058607224
BAC,long,2018-10-15,23.65151214343713,2018-10-15,23.14817612257234,stop,-218.8134631782752
BAC,long,2018-12-07,21.830238938665467,2018-12-07,21.165232920509386,stop,-310.6260831246472
BAC,short,2018-09-21,26.017493286680722,2018-09-24,25.49139708156317,target,196.20864451491073
GS,long,2018-12-27,134.73210063746592,2019-01-02,142.73328856264737,target,587.8590645677589
MS,long,2018-12-07,33.75625012023432,2018-12-07,32.58309291196731,stop,-353.537775697363
MS,short,2018-09-21,39.45192556771968,2018-09-24,38.44735158948741,target,248.63243270798074
MA,long,2018-10-10,200.2923522160246,2018-10-10,196.47002467612364,stop,-196.83741828436862
MA,long,2018-11-21,180.39991908878167,2018-11-28,190.2696584703664,target,541.103315313986
MA,short,2018-09-24,210.6500530973875,2018-09-26,213.87519528293183,stop,-159.10426644199683
XOM,long,2018-10-24,56.531742601621616,2018-10-24,55.55705087755701,stop,-178.41494410197956
XOM,long,2018-12-27,48.27506304083378,2019-01-04,50.75339500473209,target,507.377261009893
CVX,long,2018-12-07,84.85163935791098,2018-12-10,82.64835473466199,stop,-265.66317680149456
UNH,short,2018-10-11,229.78096207284054,2018-10-11,224.9796265064474,target,202.95271405779513
LLY,short,2018-09-18,95.51224933675985,2018-09-26,96.78685394092966,stop,-139.4493337787257
LLY,short,2018-10-09,103.83019584881703,2018-10-11,101.35949301507131,target,231.95609875793878
PFE,long,2018-10-15,28.86246510080063,2018-10-19,29.636533482955546,target,262.1920547851768
PFE,long,2018-10-26,28.465733426795754,2018-10-30,27.738381610045295,stop,-261.51838269720406
PFE,long,2019-01-30,27.166165269323415,2019-01-31,28.158692183670627,target,359.35407353499136
PFE,short,2018-08-03,26.197734845879804,2018-08-03,26.542951036205316,stop,-137.7732973313923
PFE,short,2018-10-11,29.331922380776373,2018-10-11,28.70362717129473,target,208.20185193637863
MRK,long,2018-10-26,52.452862102049096,2018-10-29,54.21048824618755,target,329.08679482902704
MRK,short,2018-09-24,53.31742893064005,2018-10-01,53.97647206454506,stop,-129.60744828156413
MRK,short,2018-10-11,52.90395376822639,2018-10-11,51.679925798518816,target,225.36795693381785
WMT,short,2018-10-19,28.553447858287857,2018-10-19,29.02087456971673,stop,-169.70237098816798
COST,long,2018-10-09,201.8875916671067,2018-10-18,207.18141427897814,target,256.2163436671454
HD,short,2018-08-23,163.7048712011034,2018-08-24,165.84506074721133,stop,-136.73462813936843
DIS,short,2018-08-08,110.16114817412583,2018-08-09,107.44106724917476,target,240.91835279817332
DIS,short,2018-11-12,112.1571566402996,2018-11-20,107.89898187682945,target,373.6614403418397
MCD,long,2018-08-03,129.09693693044272,2018-08-09,132.02315460366907,target,220.66824967373157
MCD,short,2018-10-23,142.83474721747518,2018-10-23,145.0421942058595,stop,-160.5455172069099
MCD,short,2019-01-31,151.31269706139858,2019-02-07,147.06179841939175,target,274.9346951420699
CRM,long,2018-10-31,132.6254992067936,2018-11-13,126.84504045924253,stop,-441.8482178859135
CRM,long,2018-11-21,122.08781646368473,2018-11-28,136.12496004066574,target,1143.7579351954746
CRM,short,2018-08-28,149.4445335436467,2018-09-05,144.86015403965163,target,300.7612709069867
ORCL,long,2018-09-10,42.67489129752484,2018-09-10,43.48716223799258,target,184.33931095563173
ORCL,long,2018-09-19,43.492828263132736,2018-09-20,44.53642750816241,target,233.94743195725698
ORCL,short,2018-09-18,42.2392536894437,2018-09-18,42.839415834049454,stop,-148.08635148204473
AVGO,long,2018-12-07,19.118477762207554,2018-12-07,18.426798790516138,stop,-367.7855878979515
AVGO,short,2018-09-07,18.177402428123674,2018-09-07,18.556936135262276,stop,-214.79424804470136
AVGO,short,2018-09-12,18.493601060823657,2018-09-13,19.0015377028312,stop,-280.65534718575935
MU,long,2018-09-12,40.21466371297084,2018-09-13,43.00294097178115,target,687.3483961749465
NFLX,long,2018-08-21,33.099998474121094,2018-08-23,34.86785158717055,target,528.0946207087094
NFLX,long,2018-10-31,29.777000427246094,2018-11-07,32.67272430235757,target,966.4699713077479
NFLX,short,2018-08-28,36.722999572753906,2018-09-05,34.8358572943829,target,507.8856575787853
IWM,long,2018-10-04,150.22631937610677,2018-10-04,148.58086959461528,stop,-115.53139159137204
IWM,long,2018-12-07,133.60920771044061,2018-12-07,130.65849642270499,stop,-226.84640260201516
XLF,long,2018-12-07,22.043175102848195,2018-12-10,21.537900468340823,stop,-235.22044222299266
XLF,short,2018-09-24,24.779146018956766,2018-09-26,24.404481899637616,target,145.201384838896
AAPL,long,2019-05-13,44.90063515299241,2019-05-13,43.765600667281966,stop,-258.7880689979056
AAPL,short,2019-03-25,45.63388456100003,2019-04-03,46.530612763287756,stop,-202.50490220464167
AAPL,short,2019-05-02,50.00162852825814,2019-05-07,48.08152542300832,target,378.00811368867306
AAPL,short,2019-08-01,51.16535872118057,2019-08-01,52.05717712941851,stop,-180.30121287682175
MSFT,short,2019-04-25,121.66812088379604,2019-05-02,118.81546480184011,target,228.46208104754618
MSFT,short,2019-07-22,129.0196785121421,2019-07-23,131.22619962991078,stop,-177.02205982950426
NVDA,long,2019-04-29,4.422305747924848,2019-05-07,4.281686678058059,stop,-323.97681544921244
NVDA,long,2019-05-10,4.187816148860922,2019-05-13,4.0389650016398715,stop,-361.43859121307753
NVDA,short,2019-03-25,4.359099051390916,2019-04-01,4.542524289975378,stop,-426.78703975752643
NVDA,short,2019-07-02,4.106983918882038,2019-07-16,4.146191596984863,time,-101.46586711130401
AMZN,short,2019-07-12,100.41349792480469,2019-07-25,98.69100189208984,time,165.54028774146957
META,long,2019-06-05,166.02205881437155,2019-06-11,176.92631863658414,target,650.7958438826848
META,short,2019-04-04,174.4877166748047,2019-04-15,178.48600662724309,stop,-235.14449387231528
META,short,2019-04-26,190.82424611073804,2019-04-30,194.84384058060692,stop,-216.64380191688326
META,short,2019-06-19,185.37214411465936,2019-06-24,190.74495993412827,stop,-295.83943866699
META,short,2019-07-26,198.44731105393143,2019-08-02,189.07883822295165,target,466.08867589209837
GOOGL,short,2019-07-29,61.57896791155889,2019-08-02,59.04831920694403,target,404.9599089496652
TSLA,long,2019-04-30,16.137332916259766,2019-05-01,15.455137213284532,stop,-428.74377464683874
TSLA,long,2019-05-22,13.273332595825195,2019-05-23,12.567878388143528,stop,-537.4823557601134
TSLA,short,2019-07-05,15.637999534606934,2019-07-12,16.25009284652261,stop,-397.41407477415015
AMD,long,2019-05-03,28.299999237060547,2019-05-06,26.719999313354492,stop,-564.3038750181136
AMD,short,2019-03-21,25.780000686645508,2019-03-21,26.846140317239307,stop,-419.55298766383663
AMD,short,2019-06-04,28.389999389648438,2019-06-05,29.93000030517578,stop,-548.4448568635265
SPY,long,2019-05-10,256.63536824121263,2019-05-10,254.05125611325062,stop,-106.69197186933332
QQQ,long,2019-05-10,176.10689430924106,2019-05-10,173.74733084520224,stop,-139.98472974575637
JPM,short,2019-08-02,93.17851030168063,2019-08-05,90.21428824093407,target,312.122928897383
BAC,short,2019-03-18,24.651890458237247,2019-03-18,25.078377649496552,stop,-179.0038481153473
BAC,short,2019-08-01,25.772117609021798,2019-08-01,24.87700436970947,target,341.3184675360097
GS,long,2019-05-24,162.96167801044172,2019-05-29,159.32560457316785,stop,-229.1244475183225
GS,short,2019-04-15,172.4408228995637,2019-04-17,175.81791409377118,stop,-201.84058678346895
MS,short,2019-07-01,35.95215877641574,2019-07-15,35.823150634765625,time,29.883281015867126
MA,short,2019-05-02,237.61263543764983,2019-05-15,239.13873291015625,time,-70.22627608567933
XOM,long,2019-04-29,57.73161327055451,2019-05-01,56.836939315988,stop,-160.97123740050301
XOM,short,2019-04-15,58.2864401932502,2019-04-22,59.101035847324006,stop,-145.75731771797894
COP,short,2019-06-21,47.407062957843856,2019-06-26,48.38629055858838,stop,-212.55732282240047
LLY,long,2019-07-15,99.2825186690758,2019-07-26,99.25499725341797,time,-8.772030366147149
LLY,short,2019-02-06,107.59897463900658,2019-02-08,109.88187658930099,stop,-218.16763058881537
LLY,short,2019-03-14,113.93449831828899,2019-03-20,116.56546894645678,stop,-236.91957809107777
JNJ,short,2019-03-01,112.2243477843358,2019-03-04,113.69681532761922,stop,-137.20749394891496
JNJ,short,2019-04-17,113.68003624568148,2019-04-23,115.0354920552802,stop,-125.23428724717854
PFE,long,2019-04-22,26.233889364325314,2019-04-30,27.2962228722618,target,398.94701078564566
PFE,short,2019-05-29,28.27711278009468,2019-06-04,28.80603306638339,stop,-193.04890078488967
WMT,short,2019-02-20,30.446777800196465,2019-02-26,29.391151238810423,target,340.7120784713151
WMT,short,2019-05-17,30.298664435105326,2019-05-22,30.82546958710346,stop,-179.87075035154132
WMT,short,2019-05-29,30.86387051264879,2019-06-05,31.350546021647073,stop,-163.68453564462436
COST,long,2019-06-03,217.64950262908945,2019-06-05,225.18422537431752,target,340.18607689026027
COST,short,2019-02-04,190.22457779789136,2019-02-14,194.11170473419895,stop,-210.3440958737497
DIS,long,2019-03-21,105.46005868046517,2019-03-21,103.80711034839568,stop,-162.7369061568391
DIS,short,2019-02-07,106.37001486681184,2019-02-19,108.15163614507743,stop,-173.4928108731022
DIS,short,2019-06-19,133.63063445538586,2019-06-20,136.06614055779585,stop,-188.2565695610101
NKE,long,2019-03-26,75.35265168080815,2019-04-08,76.3437728881836,time,125.53103245441278
NKE,long,2019-05-07,74.80303223571302,2019-05-09,73.56328046581231,stop,-171.73549665662046
NKE,long,2019-06-04,71.65007569089228,2019-06-05,74.61923264333159,target,408.3969038146777
MCD,short,2019-06-11,171.9049175434666,2019-06-12,174.18842414529365,stop,-138.83544382897804
MCD,short,2019-07-29,183.54645353099588,2019-07-31,179.16904972099152,target,232.49024188664748
CRM,long,2019-05-10,153.62227080833586,2019-05-15,149.90050008539714,stop,-248.26765451098697
CRM,long,2019-06-05,154.47745886192283,2019-06-10,149.88707148851955,stop,-303.1558055927315
CRM,short,2019-03-05,157.2003658030423,2019-03-08,149.23785396442807,target,500.5199306591017
ORCL,long,2019-03-18,47.38072671520798,2019-03-29,48.13349533081055,time,152.8765449139795
ORCL,short,2019-03-15,46.06334184475701,2019-03-15,46.74085398300524,stop,-153.08271504303428
ORCL,short,2019-03-21,47.165628614675164,2019-03-21,48.019182213080946,stop,-186.96941002927912
ADBE,long,2019-03-18,257.1099853515625,2019-03-29,266.489990234375,time,358.8246049248782
ADBE,long,2019-06-05,272.7799987792969,2019-06-18,276.7799987792969,time,140.63831724833986
ADBE,short,2019-03-01,265.75,2019-03-04,255.2701576640713,target,388.34966456928345
ADBE,short,2019-03-14,265.260009765625,2019-03-15,253.8691285814309,target,423.4232362525618
ADBE,short,2019-04-30,286.1000061035156,2019-05-07,275.7832922383735,target,354.5981700472016
ADBE,short,2019-06-24,300.0,2019-07-08,302.9200134277344,time,-103.33378092448008
AVGO,short,2019-03-18,23.957390625757153,2019-03-19,24.592173578854467,stop,-270.96331049294054
QCOM,long,2019-05-24,58.28190617726114,2019-05-28,55.35051105204156,stop,-508.96829968187853
QCOM,short,2019-07-18,63.96825212988625,2019-07-31,62.42387008666992,time,235.42945786301829
MU,long,2019-05-13,36.431126997279286,2019-05-17,35.04959666115734,stop,-385.2170185196642
MU,short,2019-07-01,40.13665208206665,2019-07-10,41.67408766110383,stop,-389.05027930421784
INTC,short,2019-04-18,50.847345324424076,2019-04-26,45.676874942953546,target,1010.8614208826632
INTC,short,2019-07-29,44.90222748237182,2019-08-02,42.77606235688043,target,467.5099447630076
NFLX,short,2019-05-02,37.79999923706055,2019-05-09,35.74147349412398,target,538.5835408690458
NFLX,short,2019-06-11,35.5,2019-06-20,36.590999603271484,stop,-313.32383190746003
IWM,short,2019-08-01,143.81652441792045,2019-08-02,139.996192179797,target,259.6393104746324
XLF,short,2019-03-04,23.24014507959481,2019-03-07,22.636866080037127,target,253.5848681200241
MSFT,short,2019-09-23,131.16386880905182,2019-10-02,127.60199899170703,target,265.55876459622806
NVDA,long,2019-12-04,5.245642777243694,2019-12-12,5.465369152695419,target,412.87407279223686
NVDA,short,2019-10-08,4.487128752025181,2019-10-11,4.630457031874789,stop,-325.4209209729482
AMZN,long,2019-10-28,87.40299987792969,2019-11-04,90.05049896240234,target,296.9071185394394
AMZN,short,2020-02-03,100.52999877929688,2020-02-04,102.50352675870487,stop,-202.31234490917083
META,long,2019-09-26,179.75149517282722,2019-09-27,175.55025168857352,stop,-239.72509253479558
META,long,2020-01-31,206.61560668606103,2020-01-31,201.84745270452783,stop,-236.7741442193234
META,short,2019-09-23,187.69176244752776,2019-09-24,182.05874936793114,target,294.12042117039783
META,short,2019-10-23,180.42559562226924,2019-10-24,184.88808768912608,stop,-253.3314305249308
META,short,2019-11-01,191.17122311261366,2019-11-14,191.46861267089844,time,-21.556188501739676
META,short,2019-12-13,194.69030084143077,2019-12-18,198.3482039217021,stop,-193.88316954990947
TSLA,short,2020-01-23,37.616668701171875,2020-01-29,39.06458080477599,stop,-390.9123682658839
AMD,long,2020-01-30,46.4900016784668,2020-02-04,49.209999084472656,target,579.071479415693
AMD,short,2019-11-06,36.060001373291016,2019-11-13,37.16841245475982,stop,-313.3796559225261
AMD,short,2019-12-16,41.72999954223633,2019-12-17,42.99534232414169,stop,-309.22137449933615
AMD,short,2020-01-27,48.45000076293945,2020-01-28,50.029998779296875,stop,-332.1089765690994
QQQ,long,2019-08-07,173.77370267883296,2019-08-08,178.0660970323503,target,241.01058257649677
QQQ,short,2019-12-23,204.08419889375398,2019-12-26,205.74103238323912,stop,-87.18382013238002
JPM,short,2020-01-15,115.93129416866786,2020-01-23,113.61649083299868,target,193.67027473197896
BAC,long,2019-08-08,23.7137182271548,2019-08-14,22.726701454288172,stop,-422.2218524366146
BAC,long,2020-01-16,29.79764533727816,2020-01-21,29.365096454381714,stop,-151.16210190451127
BAC,short,2019-10-17,25.72969214357743,2019-10-21,26.32935751408166,stop,-239.06356219031431
BAC,short,2020-01-15,29.68665270553622,2020-01-23,29.084464120280515,target,196.84826020260715
GS,short,2019-12-17,197.5220386033181,2019-12-31,197.4619140625,time,-2.9560591191120036
GS,short,2020-01-08,202.40002150648402,2020-01-08,205.24690300325307,stop,-146.65618548750214
GS,short,2020-01-15,207.82757786627488,2020-01-15,210.83878417973747,stop,-150.88964094072853
MS,long,2019-08-08,33.32353131288599,2019-08-14,32.15341975744692,stop,-357.13672211162014
MS,long,2019-12-04,39.591827815435806,2019-12-06,40.80348502404442,target,300.03719895352157
MA,short,2019-09-10,270.36309097208857,2019-09-10,261.43938293494136,target,324.0638413720625
MA,short,2020-01-15,300.7743621792884,2020-01-16,305.89025700317944,stop,-176.09078788575493
XOM,short,2019-09-17,54.47073488373182,2019-09-20,53.05253519476594,target,254.35993308940022
UNH,long,2019-08-29,202.63104281870116,2019-09-12,204.12135314941406,time,67.54797715009242
UNH,long,2020-01-15,258.5886225523889,2020-01-15,265.12445631483587,target,246.75024469117113
UNH,short,2019-12-23,262.5343118451322,2020-01-03,255.84543620908565,target,248.78100706288976
LLY,long,2019-09-11,103.04720641796222,2019-09-16,100.68015540970177,stop,-235.7055000850412
LLY,long,2019-10-24,99.10156677800414,2019-10-28,102.48894116495924,target,335.80835854423106
LLY,short,2019-11-27,109.15658520421033,2019-12-05,111.04906051486319,stop,-179.3725278335174
LLY,short,2019-12-23,122.74898610560417,2020-01-07,122.86026000976562,time,-15.06515871876179
JNJ,short,2019-08-28,106.07376343328008,2019-09-11,107.88728971393363,stop,-176.96841122208772
JNJ,short,2019-10-03,109.20967846473552,2019-10-07,110.96333606974565,stop,-166.57712371860822
JNJ,short,2019-12-23,121.74485811521426,2020-01-06,119.38790142568601,target,187.59804808328883
PFE,long,2020-01-31,25.788782701251893,2020-02-03,26.546707604914772,target,287.8971228083931
PFE,short,2019-12-18,26.95851845597112,2019-12-26,27.34128260514263,stop,-147.98263520921682
MRK,long,2019-09-11,62.810773523668765,2019-09-19,64.8602691144746,target,320.2968239092823
MRK,long,2019-10-29,64.91973177659729,2019-10-30,66.77415047662436,target,279.6479300328174
MRK,short,2019-12-23,71.41530501793929,2020-01-07,70.05606498898916,target,184.32895380180602
WMT,long,2019-08-07,32.34798645323766,2019-08-15,34.18088093909481,target,560.6177981454234
WMT,short,2019-11-15,36.65643637640022,2019-11-25,35.824334331595836,target,221.0002561787765
WMT,short,2019-12-23,36.67440085075356,2020-01-03,36.033380528008145,target,168.78685619270018
COST,long,2019-08-07,243.42838414077733,2019-08-07,239.733237318891,stop,-157.79605430685416
COST,short,2019-08-29,270.6214212262977,2019-09-06,275.8502857741826,stop,-199.216949500552
DIS,long,2019-08-07,130.04403533771273,2019-08-07,127.6624942686919,stop,-189.13343344323107
DIS,long,2020-01-15,141.27504501490938,2020-01-21,139.25212631966437,stop,-149.19009383656712
DIS,short,2019-11-15,141.81191067767674,2019-11-26,146.2549584020896,stop,-319.3056809671975
NKE,long,2019-08-07,72.73434054546416,2019-08-08,75.10637638280741,target,320.123234163449
NKE,long,2020-01-28,91.13178316185807,2020-01-30,89.70801188246168,stop,-162.23213219340238
NKE,short,2019-09-26,82.9954757844926,2019-09-30,84.72200461468287,stop,-214.0268609669056
NKE,short,2019-10-02,82.859571266246,2019-10-07,84.60786179109152,stop,-216.99439667964015
MCD,short,2019-12-23,169.8290846509017,2020-01-02,171.6586753143471,stop,-113.73129156329553
CRM,long,2019-12-04,157.65252061261253,2019-12-04,154.58907190516265,stop,-200.31650667847245
CRM,long,2019-12-06,155.41129576578254,2019-12-18,160.4514197031507,target,318.308726243685
ADBE,long,2019-09-19,280.1700134277344,2019-09-24,273.0093739379896,stop,-261.5819376291579
AVGO,long,2019-09-26,23.35739892772602,2019-10-03,22.69922430901636,stop,-287.7842092547329
AVGO,short,2020-01-27,27.121185312689228,2020-01-29,27.696008636278282,stop,-217.94623942933254
QCOM,short,2019-08-26,63.908532149154894,2019-08-30,65.86446443186587,stop,-312.0518239013943
QCOM,short,2019-09-06,67.37273248147706,2019-09-19,67.27981567382812,time,7.791456012932635
QCOM,short,2019-11-08,77.38512453706939,2019-11-08,79.32084695416506,stop,-256.14141008048887
MU,short,2019-09-12,49.53696687262175,2019-09-24,47.139515768710446,target,477.9721232985572
MU,short,2019-12-16,51.44823523593914,2019-12-16,52.89582410767436,stop,-287.36803237208244
MU,short,2019-12-18,51.68227276264485,2019-12-19,53.64229406324096,stop,-385.24440931567995
INTC,short,2019-10-14,45.529985568621704,2019-10-25,47.538926088995176,stop,-447.2346051253735
NFLX,long,2019-09-06,29.334999084472656,2019-09-10,28.444837527137427,stop,-309.446935441154
NFLX,long,2019-09-26,26.642000198364258,2019-10-09,26.753000259399414,time,35.663561372531355
NFLX,short,2019-10-18,28.93600082397461,2019-10-18,27.501390485265908,target,489.7873575674188
IWM,long,2019-08-07,135.6026026323838,2019-08-08,139.15676394546892,target,256.1012608969164
IWM,short,2019-09-16,143.8990048292885,2019-09-24,140.28945131597203,target,244.83936595660106
XLF,long,2019-08-05,23.67959852178234,2019-08-05,23.369349444439816,stop,-137.0195681979709
XLF,long,2019-08-08,23.69714047370516,2019-08-13,23.30227465551606,stop,-172.63015464977727
XLF,long,2019-12-04,26.07540917250886,2019-12-05,26.452304638196473,target,138.54057583302315
AAPL,long,2020-03-02,68.14338175177791,2020-03-02,71.95681964733613,target,553.6197015066284
AAPL,short,2020-06-12,83.44187634114364,2020-06-16,85.48827908827344,stop,-251.248889030647
AAPL,short,2020-06-24,88.35080675031271,2020-06-29,85.03283759140268,target,369.5448626843794
MSFT,long,2020-03-02,156.68969102388243,2020-03-03,165.02206777297303,target,525.7756831762854
MSFT,long,2020-03-16,132.69949300751503,2020-03-25,145.7013208217306,target,973.7948371573107
MSFT,long,2020-08-03,201.0483878405726,2020-08-11,196.05814837259194,stop,-254.2108671240779
MSFT,short,2020-02-12,175.42353231595447,2020-02-21,170.14325993491155,target,295.00137144272287
MSFT,short,2020-06-12,181.1070182904642,2020-06-17,185.90872097760916,stop,-271.13067977541607
NVDA,short,2020-02-18,7.100582772620869,2020-02-18,7.295048265304766,stop,-279.87258047851583
NVDA,short,2020-05-14,7.8020291552258385,2020-05-15,8.135977272163073,stop,-434.0272609767866
NVDA,short,2020-05-20,8.945459810615404,2020-05-27,8.407617199592819,target,595.2464673803996
AMZN,long,2020-03-02,95.32450103759766,2020-03-03,99.43678267381003,target,425.39818110250695
AMZN,short,2020-02-04,101.49400329589844,2020-02-05,103.5510025024414,stop,-208.67199437842055
AMZN,short,2020-02-12,108.16000366210938,2020-02-21,104.8979210989515,target,295.59785990287014
AMZN,short,2020-06-12,130.0605010986328,2020-06-19,133.9040069580078,stop,-301.5167654213664
AMZN,short,2020-07-06,146.74850463867188,2020-07-06,150.40919999643884,stop,-255.45367360167836
AMZN,short,2020-07-14,154.4499969482422,2020-07-16,147.20004847035253,target,463.404248697991
META,long,2020-03-02,192.34094096110195,2020-03-03,186.55460306211495,stop,-306.8375580400846
META,long,2020-03-09,168.12362589966506,2020-03-12,158.15117758148926,stop,-599.1616252511274
META,long,2020-06-30,218.66973623252326,2020-07-01,230.8583696330948,target,551.3991906959974
META,short,2020-05-01,199.84506577329986,2020-05-06,208.64261320371548,stop,-446.21839600460135
META,short,2020-05-22,229.49467014998513,2020-05-26,237.6827903232748,stop,-362.78912141786867
GOOGL,long,2020-03-02,66.97560913503754,2020-03-03,69.74406318038187,target,407.3525743323241
GOOGL,long,2020-08-03,73.89476289216728,2020-08-14,74.57026672363281,time,85.41430394076444
TSLA,short,2020-07-14,103.73332977294922,2020-07-20,109.73418326409437,stop,-584.4884669449797
AMD,long,2020-03-02,47.41999816894531,2020-03-09,43.029998779296875,stop,-931.7696244542212
AMD,long,2020-05-28,52.25,2020-06-09,56.085556217797546,target,728.0777450330238
AMD,short,2020-07-24,64.18000030517578,2020-07-24,66.69203546841611,stop,-397.40466676466315
AMD,short,2020-07-28,68.0999984741211,2020-07-29,75.5,stop,-1092.6375465031774
SPY,long,2020-03-02,271.8241221224841,2020-03-02,279.79824719922885,target,287.35605002530406
SPY,long,2020-03-16,219.84020754106757,2020-03-18,208.58084963033818,stop,-518.1609935082538
QQQ,long,2020-03-02,201.0806973544826,2020-03-02,208.08448148379367,target,342.3071334770726
QQQ,long,2020-03-16,167.64742851181632,2020-03-25,180.57636080520572,target,765.1977695189121
QQQ,short,2020-07-14,247.3283485797857,2020-07-15,253.02997680795647,stop,-236.528698425021
JPM,long,2020-02-25,110.17045388008121,2020-02-25,108.24153134375332,stop,-181.08528542756974
JPM,long,2020-03-02,98.08534566480843,2020-03-02,102.15614414968931,target,409.02616494743404
JPM,long,2020-05-15,73.7994480281088,2020-05-26,79.31685817858383,target,741.6221432406315
JPM,short,2020-04-15,77.45335847384973,2020-04-28,83.4782327173439,stop,-783.8712714605307
GS,long,2020-03-02,174.02675765688062,2020-03-03,181.5063356599389,target,423.79471109870326
GS,short,2020-05-29,171.48035486104493,2020-06-02,178.40768041902805,stop,-409.9719630622707
GS,short,2020-07-16,185.63489015998653,2020-07-24,175.32780918365935,target,549.2340385713151
MS,short,2020-06-08,41.99793066811446,2020-06-11,38.34846596826575,target,862.9629802687992
V,long,2020-03-02,178.106889533123,2020-03-06,172.83028593264268,stop,-302.26049920427164
MA,long,2020-03-02,287.96074964674733,2020-03-03,303.0866278067059,target,519.2756904721933
XOM,long,2020-03-02,39.83722431591755,2020-03-05,38.193446963746254,stop,-418.6234647112459
XOM,long,2020-08-03,32.47073238981941,2020-08-05,34.14942406751882,target,510.98608382043653
CVX,long,2020-03-02,71.42540690319802,2020-03-03,74.23457275126304,target,387.3006432672137
CVX,long,2020-03-13,60.75945859137489,2020-03-13,57.40785695599175,stop,-557.6180876336707
CVX,long,2020-03-20,45.22392411677315,2020-03-23,40.39821794702506,stop,-1073.069314305319
CVX,long,2020-08-03,64.73480626724256,2020-08-10,68.24225598623762,target,535.8182151523521
COP,long,2020-03-02,39.28388621051813,2020-03-02,37.78237272510699,stop,-388.22121848248247
COP,long,2020-07-31,30.109872641015563,2020-08-11,32.97051746626776,target,944.0687230923166
UNH,long,2020-03-02,230.24420595824716,2020-03-02,242.57778917842978,target,529.673988791674
UNH,long,2020-05-15,262.75492296338064,2020-05-28,277.63284063651747,target,560.227932300638
UNH,short,2020-05-18,268.2093545264646,2020-05-28,278.02219052823665,stop,-371.8647931611858
UNH,short,2020-07-16,275.2574836028638,2020-07-29,276.76458740234375,time,-60.75250953228983
JNJ,long,2020-03-16,103.88323013406008,2020-03-16,110.7015926482142,target,650.348720130775
PFE,long,2020-02-21,24.96499719292939,2020-02-24,24.462347321892622,stop,-207.3418496113939
PFE,long,2020-03-02,23.6734609057192,2020-03-03,24.560083673834026,target,368.5218207197709
PFE,long,2020-06-03,25.587492137446525,2020-06-11,24.85145218712413,stop,-293.6561510478082
PFE,short,2020-07-24,26.814336406774864,2020-07-28,27.490424431410624,stop,-258.1367727992474
MRK,long,2020-02-06,66.89691837350583,2020-02-12,65.6003342232275,stop,-199.81821790939614
MRK,long,2020-03-02,59.983257269641626,2020-03-02,62.15337039576102,target,355.7864759101241
MRK,long,2020-03-16,55.49182029916803,2020-03-16,52.99550720296556,stop,-455.8524436113871
MRK,long,2020-03-18,56.02502978077178,2020-03-23,53.02731014531146,stop,-541.0679236031675
MRK,short,2020-08-03,64.92708404539836,2020-08-14,66.25896781795898,stop,-211.1353132737854
WMT,long,2020-03-03,35.41734214771106,2020-03-03,34.60188390107193,stop,-236.2426430640092
WMT,long,2020-03-16,32.097721881088965,2020-03-17,34.40742209271075,target,713.5838446661207
WMT,long,2020-06-08,36.807864801046826,2020-06-19,36.8909797668457,time,16.58076262997788
WMT,short,2020-03-20,36.62215909153144,2020-03-25,33.5853234289706,target,823.23446839132
WMT,short,2020-05-20,38.934846727025494,2020-05-27,37.33403512830084,target,405.1513806508704
WMT,short,2020-07-09,38.66396521619931,2020-07-10,39.62740840862839,stop,-255.183752116926
WMT,short,2020-07-14,39.793625408093504,2020-07-14,40.71392708709383,stop,-237.26861892134752
COST,long,2020-03-02,269.00382653281025,2020-03-02,278.3215813497269,target,340.38001016614515
COST,long,2020-03-16,257.48317137161814,2020-03-17,275.00948820432643,target,674.6781483754932
COST,long,2020-05-18,276.2846648599796,2020-06-01,282.3008117675781,time,211.75174929261843
COST,short,2020-06-05,286.7328192042402,2020-06-11,278.70968087548533,target,273.8123476420034
HD,long,2020-03-18,137.18666647985967,2020-03-18,125.60548561880901,stop,-850.1914333380851
HD,long,2020-03-20,139.74501659567215,2020-03-23,126.59737489912796,stop,-946.8308086280182
DIS,long,2020-03-02,115.5040666186304,2020-03-03,112.01520846084976,stop,-308.0550063661487
DIS,long,2020-03-19,85.32156093569986,2020-03-24,95.80279730915437,target,1222.4393602870657
NKE,long,2020-03-02,81.60316140098878,2020-03-03,85.20197927235733,target,435.0145158083223
NKE,long,2020-03-16,59.45374163109621,2020-03-16,65.51961453424887,target,1014.2676461963866
NKE,long,2020-03-19,61.056656525318786,2020-03-23,55.83361228149043,stop,-861.4422303917808
MCD,long,2020-03-16,135.90720744728625,2020-03-16,128.74310244324553,stop,-533.13208803289
MCD,long,2020-03-18,118.95126139505338,2020-03-18,110.18660570846245,stop,-742.8274689817966
CRM,long,2020-02-25,185.264854445111,2020-02-25,180.97454032295374,stop,-237.5773347841521
CRM,long,2020-03-02,169.2715182512169,2020-03-06,162.85258364228116,stop,-385.2093717390388
CRM,long,2020-03-11,154.99844125886278,2020-03-11,147.76138561590378,stop,-472.9115111210964
CRM,long,2020-03-16,131.73098766750994,2020-03-16,123.3200807038048,stop,-644.4911487139477
CRM,short,2020-06-22,183.849320723812,2020-06-23,189.7023883249806,stop,-324.3622097772876
ORCL,long,2020-03-02,45.34894965050139,2020-03-03,44.13443261268919,stop,-273.81591352662673
ORCL,long,2020-05-15,48.28560937826168,2020-05-29,49.26597595214844,time,197.03493867224853
ORCL,long,2020-06-16,49.89818804995933,2020-06-17,48.5879626299299,stop,-268.57975915229713
ORCL,long,2020-06-19,49.66911754467795,2020-07-02,51.254215240478516,time,313.13143904253036
ORCL,short,2020-06-24,50.50290807564824,2020-07-06,51.932252960988095,stop,-289.0222931318804
ADBE,long,2020-03-02,349.80999755859375,2020-03-06,339.5099287980255,stop,-300.44752386881044
ADBE,long,2020-03-11,324.32000732421875,2020-03-12,290.4100036621094,stop,-1051.5723636010516
ADBE,long,2020-03-19,291.7699890136719,2020-04-01,301.2099914550781,time,317.54261222403926
AVGO,long,2020-03-02,23.722568582727753,2020-03-06,22.88427453105175,stop,-359.37406603025204
AVGO,long,2020-03-16,17.844212361450406,2020-03-16,16.555357424714828,stop,-728.2817744087972
AVGO,short,2020-06-08,27.677203297877305,2020-06-11,26.353695949869913,target,472.1940334661261
QCOM,long,2020-03-02,68.48620473776298,2020-03-09,63.24784097706456,stop,-770.878676042331
MU,long,2020-03-02,51.877294700180585,2020-03-06,49.350964314237935,stop,-492.9819061582359
MU,short,2020-02-13,57.542849193882134,2020-02-21,54.59841429366525,target,505.69431848882675
MU,short,2020-07-24,50.005026791084326,2020-08-06,47.40653935516912,target,513.6452442214272
INTC,long,2020-03-02,49.45425669709383,2020-03-03,51.935373795133785,target,495.69940137544387
INTC,short,2020-07-24,46.48875883891463,2020-07-24,44.44470267934894,target,433.68826241380657
NFLX,long,2020-03-09,34.38600158691406,2020-03-12,32.650001525878906,stop,-510.8566221481854
NFLX,short,2020-03-04,37.777000427246094,2020-03-09,34.38600158691406,target,891.6358106733973
NFLX,short,2020-07-14,51.70800018310547,2020-07-17,48.600257606589665,target,595.0177468691192
IWM,long,2020-03-11,120.88192253868502,2020-03-11,116.27550420926843,stop,-387.0675932906693
IWM,long,2020-03-16,100.29173510871274,2020-03-16,94.45904566334303,stop,-587.5722939729062
XLF,long,2020-03-02,23.611261875401702,2020-03-02,24.41169454507873,target,333.0046130956348
XLF,long,2020-05-15,18.761369652351508,2020-05-18,19.915538432669365,target,609.1836468789984
XLF,short,2020-05-29,20.915486678226046,2020-06-03,21.8093128663977,stop,-433.3513697877118
XLF,short,2020-06-08,23.838296213815532,2020-06-10,22.75100982414091,target,450.1091027321329
AAPL,short,2020-08-25,120.95329871627834,2020-08-31,125.70413938044254,stop,-398.78305879927314
AAPL,short,2020-10-14,117.36680433445795,2020-10-19,113.12474777067256,target,355.4358069848178
MSFT,short,2020-11-10,204.37370837033654,2020-11-23,200.71505737304688,time,173.01769393252832
MSFT,short,2021-01-28,225.07487311695797,2021-02-03,232.2141263949766,stop,-323.19459303255036
NVDA,short,2020-11-10,13.54781019802429,2020-11-10,12.980650935920929,target,412.6353763548234
NVDA,short,2021-01-05,13.047100420987022,2021-01-06,12.702432880824666,target,258.1717539078159
META,short,2020-08-10,265.7067062968509,2020-08-11,257.0246641073989,target,320.7528437822831
META,short,2020-10-22,277.4337102381768,2020-10-28,269.02044755981603,target,297.25307876746365
META,short,2021-01-29,262.9905341831644,2021-01-29,253.60581523556107,target,350.84626356426884
GOOGL,long,2020-09-22,71.87864080173308,2020-10-05,73.48985290527344,time,218.1572858875629
GOOGL,long,2021-01-07,85.57913758743977,2021-01-07,87.3936119880801,target,206.0229826792075
GOOGL,short,2020-11-02,80.46353095829991,2020-11-04,84.52946169743666,stop,-511.3134868321774
GOOGL,short,2021-01-22,93.74176301889445,2021-01-27,91.40938461108335,target,242.80889079726188
TSLA,short,2020-08-24,141.7519989013672,2020-08-24,135.13770572705388,target,460.61022247140306
TSLA,short,2020-11-18,149.4499969482422,2020-11-18,159.9104957043961,stop,-705.9330190536313
TSLA,short,2020-12-01,199.19667053222656,2020-12-02,185.47999572753906,target,682.5996019932661
AMD,long,2020-09-08,78.05000305175781,2020-09-09,82.34257640314242,target,543.9773457456558
AMD,short,2021-01-13,93.01000213623047,2021-01-15,89.63954081764008,target,356.37622203832643
SPY,long,2020-11-02,305.3031311035156,2020-11-03,310.9001171999767,target,177.325538661554
SPY,short,2020-11-10,326.8369728905607,2020-11-23,330.5076904296875,time,-118.3103517531332
SPY,short,2020-12-22,341.8983367429737,2021-01-06,348.8505898389162,stop,-209.3427001187471
QQQ,short,2021-01-05,298.4685294069981,2021-01-07,304.5588969913255,stop,-210.05392811188028
BAC,long,2020-10-29,20.352826450977705,2020-11-02,20.958973854796756,target,291.81976733257665
GS,long,2020-09-21,166.10694652617929,2020-09-22,170.51981266424696,target,259.66415374881245
GS,short,2020-12-23,221.18801460107477,2020-12-28,229.4464253748554,stop,-379.3661061461735
MS,short,2020-09-04,44.734857489496534,2020-09-04,43.78350820316593,target,206.6639805556496
MS,short,2020-10-14,42.61698350047656,2020-10-27,41.3057053995328,target,301.6890932294862
MS,short,2021-01-05,57.479958517430006,2021-01-06,60.22071218448992,stop,-482.8190057459454
V,long,2020-10-30,175.1649833603505,2020-11-03,179.87777207128752,target,263.04856327601976
V,long,2021-01-26,193.77277534919284,2021-01-27,187.6282408006877,stop,-323.09999185552397
V,short,2020-08-12,190.54643523326007,2020-08-24,196.9050765711678,stop,-339.7056046272235
V,short,2020-11-10,203.2435466565985,2020-11-20,197.23316698258077,target,289.72302653096847
MA,long,2020-10-28,291.8360081922405,2020-10-28,280.23640879936306,stop,-403.46977985103405
MA,long,2021-01-26,319.62593850629077,2021-01-27,306.9246938319735,stop,-403.37840845064153
XOM,short,2020-08-12,35.00901001275928,2020-08-13,33.987245922354376,target,285.85746470194897
COP,long,2020-10-23,26.547727113092755,2020-10-26,24.852627929138556,stop,-644.5100979579572
COP,long,2020-10-30,23.79999269764028,2020-11-02,24.97964622545371,target,489.6528948558825
COP,short,2020-11-19,31.845761837348423,2020-11-23,34.11793987034117,stop,-719.4946385009866
UNH,long,2020-09-22,270.4381549665712,2020-09-28,277.7082524678122,target,262.8266196069744
UNH,short,2020-11-06,317.486629225804,2020-11-09,331.9401047761898,stop,-461.24674804828135
LLY,long,2020-09-01,139.83233863095296,2020-09-03,143.20087074979688,target,234.89793189643993
LLY,long,2020-10-01,139.56887150120394,2020-10-02,135.08918805967414,stop,-326.965799418329
LLY,short,2020-09-04,139.98290539116448,2020-09-09,144.27803522735744,stop,-312.8324538764755
JNJ,long,2020-09-21,125.7595328378955,2020-09-21,122.21345969981459,stop,-287.97251198855963
JNJ,short,2020-09-04,127.966599254998,2020-09-04,125.58912900106127,target,179.7883438161212
JNJ,short,2021-01-28,144.32673286114047,2021-01-29,140.94595481764605,target,228.24475677330858
PFE,short,2020-11-10,29.095568848006938,2020-11-10,28.222105744287237,target,294.204855345021
MRK,short,2020-09-04,67.61426869520218,2020-09-08,66.38061378425172,target,176.45481830346245
MRK,short,2020-11-05,65.32767164167217,2020-11-06,63.249849676974726,target,312.06153693866077
MRK,short,2020-12-15,64.59183445170292,2020-12-18,63.31419432558872,target,191.8021118241391
WMT,short,2020-08-19,41.48096646537067,2020-08-20,40.55373050476332,target,217.5328729337649
WMT,short,2020-09-03,45.34130926533447,2020-09-03,44.187607714065415,target,248.4482217127142
WMT,short,2020-11-10,44.42953523535564,2020-11-11,45.690655459033174,stop,-289.8472689387883
WMT,short,2020-11-18,46.31797945019051,2020-12-02,46.521976470947266,time,-50.0427288017009
COST,short,2020-09-04,324.8363350300356,2020-09-04,319.4082286714566,target,161.1028075746861
COST,short,2020-11-10,334.5628580553134,2020-11-12,346.5798423416189,stop,-365.18464937069405
COST,short,2020-11-18,352.0413377744472,2020-12-01,363.08026121058583,stop,-319.568954882546
DIS,short,2020-08-10,125.80081272397538,2020-08-21,123.56112670898438,time,172.0343041109911
DIS,short,2020-09-04,129.6790590180665,2020-09-04,126.62803789631931,target,229.27477334040037
DIS,short,2020-10-14,125.20938858172933,2020-10-14,122.279503070581,target,227.99886736415687
NKE,short,2020-09-04,103.36338224751812,2020-09-04,101.27439866309744,target,196.1009315870015
NKE,short,2020-09-24,115.69820631305147,2020-09-25,112.47405014083559,target,272.66950361288167
NKE,short,2020-11-10,119.00150529216407,2020-11-10,115.88834715028206,target,255.60661869266357
NKE,short,2020-12-22,131.16045787530427,2021-01-04,128.20355818444287,target,219.44139741205836
MCD,long,2021-02-01,183.70611170977915,2021-02-02,187.303955334612,target,189.84779141789133
CRM,long,2020-12-01,240.83343459495833,2020-12-02,221.64541217411298,stop,-802.7341599855692
ORCL,short,2020-08-19,51.139654616557976,2020-08-26,52.50137609990251,stop,-272.2750645374201
ORCL,short,2020-08-28,52.74985350540145,2020-09-02,54.24189952879136,stop,-288.8531122341649
ORCL,short,2020-09-04,52.33581020000303,2020-09-04,51.24659645779472,target,202.12016438569336
ORCL,short,2020-09-14,55.997840424112084,2020-09-17,54.56128631239022,target,250.53741302196664
ORCL,short,2020-09-22,55.55618385642757,2020-09-24,53.896624012336424,target,292.7173936172272
ORCL,short,2020-12-08,54.49701535151988,2020-12-11,56.298481609666126,stop,-336.5623705309957
ORCL,short,2020-12-15,56.43706147606808,2020-12-16,57.977095137709725,stop,-278.8763017356406
AVGO,short,2020-11-10,32.91156069861113,2020-11-20,34.321739667123,stop,-434.4752647939216
QCOM,short,2020-08-04,96.38955505610804,2020-08-10,93.19513704704465,target,325.40707073540557
QCOM,short,2020-10-15,112.66883694520234,2020-10-28,109.30559405045291,target,292.5069328784484
QCOM,short,2020-11-10,124.04188165093387,2020-11-11,130.43767135562499,stop,-521.6153405258301
MU,short,2021-01-05,74.53949147593558,2021-01-07,77.9448648807589,stop,-462.8549284942081
MU,short,2021-01-11,74.68574804990878,2021-01-14,78.84627012513668,stop,-563.0704162255469
INTC,long,2020-12-22,41.811173324747166,2020-12-29,43.09716057994111,target,301.57023851153195
INTC,short,2020-10-20,49.00335160875467,2020-10-20,47.89577579710371,target,220.02042009165046
INTC,short,2021-01-14,52.84027989465254,2021-01-21,55.42682582624096,stop,-495.50269316233806
NFLX,short,2020-08-28,53.20000076293945,2020-09-04,51.405119286137726,target,331.3837314025174
NFLX,short,2020-10-15,54.551998138427734,2020-10-19,52.577652390258,target,355.9199691200592
IWM,short,2020-10-07,148.05580262022553,2020-10-12,153.20961783066207,stop,-354.0995083763427
IWM,short,2020-11-10,159.8282277489859,2020-11-16,165.93793322231633,stop,-388.2669849612459
XLF,short,2020-09-04,22.982889156455258,2020-09-04,22.562781866971353,target,176.79133081312682
AAPL,long,2021-02-24,121.57898434363891,2021-03-02,125.1559301600442,target,288.207575076888
NVDA,long,2021-07-20,18.665439136855753,2021-07-21,19.288437827210245,target,327.7712473768439
NVDA,short,2021-06-21,18.37170513870822,2021-06-21,17.837569388818146,target,284.7382552992732
AMZN,long,2021-03-08,150.75,2021-03-10,155.0140718496909,target,276.85717079209905
AMZN,short,2021-02-03,171.25050354003906,2021-02-03,167.22456348130663,target,229.09069903500435
AMZN,short,2021-05-03,174.2364959716797,2021-05-03,170.66191626568312,target,199.15677189568703
AMZN,short,2021-06-21,173.8209991455078,2021-06-25,171.0640318746349,target,152.6095629656925
META,short,2021-05-03,323.3307179700611,2021-05-04,315.3718828617896,target,240.1515304898576
META,short,2021-06-30,349.1043329547267,2021-07-08,342.07271229527754,target,195.41888815688458
GOOGL,short,2021-04-29,118.41152443414508,2021-05-03,115.98680956474011,target,198.77017595981306
GOOGL,short,2021-07-28,135.11392866954762,2021-08-02,132.95458599195393,target,153.81643779116595
TSLA,long,2021-02-24,237.28334045410156,2021-03-03,217.33807460355362,stop,-846.5674756760272
TSLA,long,2021-03-08,200.18333435058594,2021-03-09,216.2005927719319,target,794.1294649880575
AMD,long,2021-03-08,78.02999877929688,2021-03-11,81.61885065045732,target,453.93232440145084
AMD,short,2021-04-28,88.8499984741211,2021-04-28,85.98615473263222,target,316.3234429568411
SPY,long,2021-03-08,357.1728776946545,2021-03-10,363.15491288644574,target,161.48290716814384
SPY,long,2021-05-12,383.0948540805935,2021-05-12,377.1075494625814,stop,-162.28778497642105
QQQ,long,2021-02-24,308.5855941011295,2021-02-24,313.9697198186729,target,168.4775459537129
QQQ,long,2021-03-08,298.30388481201396,2021-03-10,306.08780216084256,target,254.93918802746697
QQQ,long,2021-05-12,310.4196815194903,2021-05-14,315.7674355640985,target,166.27496718091874
JPM,long,2021-06-17,137.8318227063281,2021-06-17,133.85030843157625,stop,-294.86756313417305
JPM,short,2021-03-19,135.63793083448013,2021-03-19,132.29153708170003,target,240.71518742524378
BAC,long,2021-06-17,37.17769238660428,2021-06-17,36.088330060189406,stop,-299.0150465195058
BAC,long,2021-07-15,33.966007338713986,2021-07-19,32.51499417207641,stop,-433.1956818968614
BAC,short,2021-03-19,33.73551725903274,2021-03-23,32.817653780707694,target,266.07630204018506
GS,long,2021-03-30,290.84588730924156,2021-04-13,289.3185119628906,time,-58.51493705073273
GS,long,2021-07-20,312.08005725331765,2021-07-20,321.023176435222,target,280.5649045509233
GS,short,2021-07-14,335.5391471494226,2021-07-16,327.03997480358555,target,247.29897921127497
MS,long,2021-03-30,66.68425085885798,2021-04-13,67.41323852539062,time,103.3193156020611
MS,short,2021-03-05,69.85443892475551,2021-03-05,67.9871943221043,target,261.3050748661132
V,short,2021-03-09,213.6002596463124,2021-03-19,207.98439718398294,target,256.9145896933094
V,short,2021-06-03,220.59583179732027,2021-06-07,225.911570306268,stop,-246.97184727550624
V,short,2021-06-29,225.96138115547276,2021-07-06,231.0674137277962,stop,-231.96925838447746
MA,short,2021-06-29,357.83397328695685,2021-07-13,368.6018697325702,stop,-306.91878495221323
CVX,long,2021-06-18,85.7282492275821,2021-07-01,86.51016998291016,time,85.20922943991249
CVX,short,2021-05-11,87.75732122764643,2021-05-11,85.78498508413432,target,218.748900253664
UNH,long,2021-06-11,368.1229683501968,2021-06-18,354.75095526387935,stop,-369.24854018879415
UNH,short,2021-03-05,304.6872926744216,2021-03-05,314.25080764491275,stop,-319.87967927859694
LLY,long,2021-03-17,180.19020658605618,2021-03-24,171.7623901187046,stop,-473.71778705556824
LLY,long,2021-04-29,171.9561543206105,2021-05-03,175.4728246483029,target,198.50971014015497
JNJ,long,2021-04-14,136.27306834093326,2021-04-15,138.7683580984151,target,177.10953058156886
MRK,long,2021-05-03,60.108486082567026,2021-05-03,61.18759826543883,target,173.52742669138155
WMT,short,2021-05-19,44.003289907465046,2021-06-02,44.20344161987305,time,-51.48562455873206
COST,long,2021-03-08,301.4906971406532,2021-03-10,307.4820394161986,target,192.72395176260716
HD,long,2021-02-24,229.77453920997434,2021-02-24,222.01297819308525,stop,-343.79029841928485
HD,long,2021-06-21,269.5296061674873,2021-06-22,274.0241006522292,target,160.75327614840808
DIS,long,2021-05-12,175.20007497806066,2021-05-14,167.66654868600952,stop,-435.99560890567665
DIS,short,2021-03-10,191.30451836407877,2021-03-19,184.89574511942763,target,329.00375733177214
NKE,long,2021-03-26,120.90741019886777,2021-04-06,124.69820704924732,target,307.5289097785221
NKE,long,2021-06-21,118.97876423877896,2021-06-22,121.12111027996917,target,174.06121133437912
NKE,short,2021-03-19,128.62492668312515,2021-03-19,125.4007971026645,target,244.66133475072695
CRM,long,2021-07-20,234.64058664992768,2021-07-22,239.5240120405471,target,202.12364392462257
CRM,short,2021-06-01,233.95249710215435,2021-06-03,228.22779300793226,target,238.69514816601534
ORCL,short,2021-02-24,59.80608857017193,2021-03-01,61.58877085281576,stop,-304.07705624355754
ADBE,long,2021-02-24,463.489990234375,2021-02-24,475.204259946045,target,246.74051130524722
ADBE,long,2021-03-08,439.760009765625,2021-03-11,453.6046790012937,target,308.82328834418814
AVGO,long,2021-03-08,40.04961455461931,2021-03-08,37.92883950805144,stop,-535.5369431522435
QCOM,short,2021-02-04,133.49277962670587,2021-02-04,129.1273249038612,target,321.01804060504713
QCOM,short,2021-07-15,129.37346430743236,2021-07-15,126.73787505098598,target,197.71946214436832
QCOM,short,2021-08-03,133.67334684654367,2021-08-05,130.5997161079622,target,223.93594542897065
MU,short,2021-04-05,91.59463050999058,2021-04-14,87.57994314850448,target,432.3103397145316
INTC,long,2021-07-27,48.6108748090378,2021-08-02,49.83731705186584,target,246.29791639133748
INTC,short,2021-03-25,56.08055293081127,2021-04-05,59.35356804287722,stop,-589.6274681713638
INTC,short,2021-04-13,59.67312981404885,2021-04-19,57.81241610300366,target,305.8176835777631
NFLX,long,2021-03-08,51.44599914550781,2021-03-16,53.23373908239336,target,341.4983412858168
IWM,long,2021-03-08,205.4282902932512,2021-03-10,211.27198497327174,target,278.4639689927142
IWM,long,2021-03-26,205.43933442840785,2021-04-05,212.41992325424704,target,333.78832949693947
IWM,long,2021-05-12,203.69421791720745,2021-05-18,207.85140278757402,target,198.08948829643725
IWM,long,2021-07-09,210.63415358902026,2021-07-15,204.6861438580473,stop,-288.38581586243816
XLF,long,2021-06-17,34.15034731652003,2021-06-17,33.415383809618056,stop,-221.21406505474738
AAPL,long,2022-01-25,155.4247355135648,2022-01-26,159.84369205931444,target,278.3148827725672
AAPL,short,2021-12-02,155.19009727061072,2021-12-02,160.46296504013486,stop,-345.768313974933
MSFT,long,2021-12-20,308.3019600117902,2021-12-22,316.24907907920306,target,251.77063068651796
MSFT,long,2022-01-11,301.87678551872176,2022-01-12,309.1196446309615,target,233.92766120767283
MSFT,long,2022-01-25,280.81919810306823,2022-01-26,296.6845769938161,target,558.9677442966295
NVDA,long,2021-08-20,19.922095938403405,2021-08-20,20.59710388727347,target,332.823761795497
NVDA,long,2022-01-25,22.474999365021613,2022-01-31,24.001403710001238,target,673.156568678354
NVDA,short,2021-11-23,31.43184635765733,2021-12-06,29.78589864714848,target,517.6560690008185
AMZN,long,2022-01-25,142.24249267578125,2022-01-31,147.1694406792195,target,340.37666359436105
AMZN,short,2021-11-22,183.81900024414062,2021-11-22,179.56498584209626,target,225.42408545331895
META,long,2022-01-07,329.8434453738167,2022-01-10,314.93454840198456,stop,-457.9991887343899
META,long,2022-01-25,297.33896007040755,2022-01-31,308.6884014975538,target,375.7004480159203
GOOGL,long,2021-09-21,138.5211988911411,2021-09-24,140.76190516919988,target,155.75908785049265
GOOGL,long,2022-01-11,136.7940204323314,2022-01-12,139.95088628289486,target,224.77513480387114
GOOGL,long,2022-01-25,127.60847923176541,2022-01-26,131.32523331673556,target,285.2623132370151
GOOGL,short,2021-11-02,143.3087514833836,2021-11-04,148.05999982360407,stop,-337.53930175516155
TSLA,long,2022-01-25,304.73333740234375,2022-01-26,325.7802240799911,target,684.6657097992164
TSLA,long,2022-01-31,290.9033203125,2022-02-01,313.1001319241447,target,757.0305349488631
TSLA,short,2021-10-05,261.6000061035156,2021-10-14,272.3109076203795,stop,-415.4381218257914
TSLA,short,2021-10-27,346.5533447265625,2021-10-29,363.4078584286656,stop,-492.34687728671634
AMD,long,2022-01-11,133.4499969482422,2022-01-13,140.66045283534908,target,534.3114313972912
AMD,long,2022-01-25,114.0999984741211,2022-01-27,103.23338026218572,stop,-958.3767184273912
AMD,short,2021-11-10,143.92999267578125,2021-11-16,152.61278957795875,stop,-609.2652917405823
SPY,long,2021-08-20,411.45252871527185,2021-08-23,416.0601886079049,target,105.98521265673334
SPY,long,2021-10-04,405.99156459254795,2021-10-07,411.0454355366307,target,118.48216625275954
SPY,long,2021-12-03,430.52931409962997,2021-12-03,422.34861645696293,stop,-196.01488109527287
SPY,long,2022-01-25,407.47441758472695,2022-01-26,415.0719217199044,target,180.45352462152377
QQQ,long,2021-12-03,380.1831750070444,2021-12-03,370.57957011420564,stop,-258.6046791171333
QQQ,long,2022-01-11,369.0437750740555,2022-01-12,377.89626785911645,target,233.87649658321786
QQQ,long,2022-01-25,337.24279444579196,2022-01-26,346.1634945505381,target,258.5186272817468
QQQ,short,2021-11-23,386.78982609208884,2021-11-23,382.08316734186053,target,115.68517455026672
JPM,long,2021-11-29,144.97413697643654,2021-11-30,140.55808240374384,stop,-310.60981970946045
JPM,long,2022-01-25,128.28587582168265,2022-01-26,132.813636019071,target,346.94300080875195
JPM,short,2022-01-06,149.0581041320163,2022-01-14,143.56588779923814,target,362.4614375555095
BAC,long,2022-01-25,39.57648153695251,2022-01-26,40.90790895715447,target,330.4188448533034
GS,short,2022-01-06,358.86066130108384,2022-01-06,350.0593737785221,target,239.25640371535263
MS,long,2021-11-29,85.5138979342045,2021-11-30,82.19803433208136,stop,-393.75727480864
V,long,2021-09-20,209.28257682603052,2021-09-21,212.9384449202897,target,168.68573589373148
V,long,2021-11-18,199.54333896041666,2021-11-22,190.78405766902472,stop,-444.96635873821424
MA,long,2021-11-01,325.89063186599856,2021-11-05,335.5173703198342,target,289.3978271395674
MA,long,2022-01-25,334.17331284321483,2022-01-26,345.2642599967878,target,325.8920669998726
MA,long,2022-01-28,349.48415431360775,2022-01-28,362.11774504009895,target,355.4925189184559
MA,short,2021-10-05,337.4305950428528,2021-10-08,349.8333548798602,stop,-373.5647679616101
MA,short,2022-01-06,358.8674202840775,2022-01-10,349.3891369391801,target,258.11657367488186
XOM,long,2021-09-21,45.92423095331476,2021-09-22,47.12337324218651,target,255.11319971601876
XOM,long,2021-12-03,53.00431566003979,2021-12-16,52.533504486083984,time,-94.82506416562408
XOM,short,2021-09-20,45.42588460714857,2021-09-22,47.148546919644204,stop,-385.2248246552687
CVX,short,2022-01-06,103.2279687516598,2022-01-11,106.02420679498029,stop,-276.87988624938663
COP,long,2021-12-21,58.88727631511242,2021-12-23,60.97128403315129,target,347.8977939626742
COP,short,2021-09-29,57.01805070251325,2021-10-04,59.73280105032771,stop,-482.12121325901313
UNH,long,2022-01-11,430.86110325849876,2022-01-24,417.36443168771206,stop,-319.24878177014904
UNH,short,2021-08-06,377.40376676774576,2021-08-12,371.3833834457592,target,153.52101839226017
UNH,short,2021-10-15,387.95744866817034,2021-10-21,401.2386832970041,stop,-348.3374051568606
LLY,long,2021-12-03,242.07089194576076,2021-12-06,233.25527508583968,stop,-370.17500629924325
LLY,long,2022-01-13,243.9334631285034,2022-01-14,234.08039958794575,stop,-409.92422647511415
JNJ,long,2022-01-25,142.82662556559413,2022-01-25,145.21161996720494,target,160.98527968200816
JNJ,short,2021-11-15,144.2044774728042,2021-11-17,141.96147486328616,target,149.5432014890834
PFE,long,2021-10-04,33.52609656456235,2021-10-13,32.36274130609474,stop,-352.9999128074153
PFE,long,2022-01-25,40.46155153061897,2022-01-26,41.901177485456664,target,349.80097657606393
PFE,short,2021-08-19,37.87598000785921,2021-08-23,39.29084224908573,stop,-379.55132221870815
PFE,short,2021-11-04,34.891789756918705,2021-11-05,37.8854432787879,stop,-863.9822195207365
PFE,short,2021-11-29,43.447330277087445,2021-11-29,42.29271596696824,target,259.7503470882094
PFE,short,2021-12-20,47.740856587157914,2021-12-21,46.02606839520724,target,353.18672485904744
MRK,long,2021-11-29,65.96916277804749,2021-12-03,63.210473917024416,stop,-424.1785465892074
MRK,short,2021-10-04,72.65928996808522,2021-10-05,71.07006985934014,target,212.72221837608507
WMT,long,2021-11-19,45.078592725946194,2021-11-23,45.72934944567186,target,138.36047808366936
WMT,long,2021-12-06,43.176523586088834,2021-12-10,43.95560141865587,target,174.44014845559397
COST,short,2021-09-28,433.9078297015725,2021-09-28,426.80960231117734,target,157.58836841633084
HD,long,2021-08-18,281.97086272919796,2021-08-18,287.47497397165955,target,189.20141865678076
HD,long,2022-01-11,345.8246778605622,2022-01-14,334.3954388924384,stop,-336.49228987447
HD,long,2022-01-19,327.20862331029485,2022-01-20,315.03304031037203,stop,-378.10458809872506
HD,short,2021-09-20,294.48891680119607,2021-09-23,301.22674263870726,stop,-234.7972637713831
DIS,long,2021-11-12,158.5429778005307,2021-11-17,152.58099366072688,stop,-382.0484521304275
DIS,long,2022-01-25,131.17220369000572,2022-01-31,135.50499164682643,target,324.3129653184933
DIS,short,2021-08-16,175.01584656161643,2021-08-16,171.53100183939267,target,193.11595382289372
DIS,short,2022-01-05,151.7560277171953,2022-01-14,147.71295413587814,target,260.4193074987198
NKE,long,2021-09-16,145.31727733851469,2021-09-17,147.96566210793677,target,176.2484440891836
NKE,long,2021-09-21,143.01195946416667,2021-09-23,146.3500711436507,target,227.41486208504404
NKE,long,2022-01-12,140.53460118631006,2022-01-19,134.86368530252705,stop,-409.5245296113898
MCD,long,2022-01-25,226.08421503753343,2022-01-28,229.6483584245284,target,151.6467152473815
MCD,short,2021-09-10,215.4168390911317,2021-09-17,219.07320896060077,stop,-175.73463564388558
MCD,short,2021-09-23,218.48240328168478,2021-09-27,222.78820783571288,stop,-203.07786482358935
CRM,long,2021-11-30,291.15289053276166,2021-11-30,281.1634725422352,stop,-349.0987057091373
CRM,long,2022-01-25,217.2416313805545,2022-01-31,225.50397990461954,target,374.32988757994656
CRM,short,2021-08-19,244.9325507294609,2021-08-20,252.92073522199507,stop,-332.138133487921
CRM,short,2021-08-25,256.42365841247437,2021-08-26,265.2116978885948,stop,-348.7156265739062
ORCL,long,2021-09-16,81.95548037246782,2021-09-20,79.48756138545978,stop,-307.12921988766806
ORCL,long,2021-11-26,87.13730871365921,2021-12-01,84.5848458085487,stop,-298.9242299068613
ORCL,long,2022-01-25,76.57663909873575,2022-02-07,76.02112579345703,time,-78.54344298950777
ORCL,short,2021-12-13,96.09586425904226,2021-12-17,91.64002573587003,target,457.6868149872486
ADBE,long,2021-09-23,632.2899780273438,2021-09-27,612.5825441910248,stop,-317.68347627149484
ADBE,long,2021-12-16,578.4000244140625,2021-12-21,540.5697123806796,stop,-660.0510103142927
ADBE,long,2022-01-25,505.510009765625,2022-01-31,526.0558608323371,target,400.43806590967336
ADBE,short,2021-12-01,676.0,2021-12-01,657.7724902813258,target,263.6377177318676
AVGO,long,2022-01-25,48.7302299459954,2022-01-26,50.94524905007845,target,448.54723003314655
AVGO,short,2021-08-31,45.63658139622331,2021-08-31,44.866855415939,target,162.6642506373215
AVGO,short,2021-09-07,45.30063357575593,2021-09-08,44.52120929884809,target,166.0559328611626
AVGO,short,2021-12-10,57.2223837788103,2021-12-10,58.956053770893874,stop,-308.97059954457194
QCOM,long,2022-01-11,162.21511124792468,2022-01-11,167.5048217327142,target,320.09233776653923
QCOM,long,2022-01-25,150.42852809695017,2022-01-26,157.00103839405102,target,430.9191389591287
QCOM,short,2021-12-14,164.03470564210778,2021-12-16,172.27262779180356,stop,-508.20604947280646
QCOM,short,2022-01-06,167.0402194322819,2022-01-10,161.38225775689926,target,332.7185250721236
MU,long,2021-09-21,71.10698780596297,2021-09-27,73.15220118427465,target,281.62480895585975
MU,long,2022-01-25,79.10264793504332,2022-01-26,82.65105533736967,target,442.5826321819464
MU,short,2021-11-23,83.04158527827478,2021-11-26,80.74267790641242,target,270.83808830944787
INTC,long,2021-09-21,49.00045839424268,2021-09-23,49.9493441103942,target,187.64833457619523
INTC,long,2022-01-25,47.310061987159045,2022-01-26,48.618967398561004,target,270.66533427016526
INTC,long,2022-01-31,44.2216004086862,2022-02-02,45.7632939812961,target,342.62907682261965
INTC,short,2021-12-08,48.75690579181537,2021-12-09,47.37977017808774,target,276.4493456594213
INTC,short,2022-01-06,50.64894261651186,2022-01-07,49.48889620562246,target,223.03664932803935
NFLX,long,2022-01-11,53.69900131225586,2022-01-14,51.24900452278124,stop,-462.246248459643
NFLX,short,2021-09-03,58.58000183105469,2021-09-07,60.306948099699,stop,-300.801334015804
NFLX,short,2021-10-01,60.42399978637695,2021-10-05,62.70339545891945,stop,-383.23349672333484
IWM,long,2021-09-21,205.56941136378188,2021-09-22,209.07877481288625,target,164.71428214064932
IWM,long,2022-01-25,187.63696127597652,2022-01-28,179.7070874788359,stop,-428.61789698658345
IWM,short,2021-11-09,228.08662841560553,2021-11-10,224.71626110864074,target,141.7669835525608
XLF,long,2022-01-25,35.05247069491155,2022-01-25,35.810525679004584,target,210.26292499920208
XLF,short,2021-09-29,35.19845510837596,2021-09-30,34.60963163379921,target,161.28673822864138
XLF,short,2022-01-06,37.49539743853005,2022-01-12,38.43320997297002,stop,-256.11404025718554
AAPL,long,2022-02-25,160.38012393186045,2022-03-03,165.158228565526,target,291.9237399576773
AAPL,long,2022-05-03,154.81031244687898,2022-05-04,159.7359228083964,target,312.17068796418545
MSFT,long,2022-02-25,284.89426986554474,2022-03-08,265.8247027612145,stop,-675.3559373212421
GOOGL,short,2022-02-03,144.42485698358425,2022-02-04,139.8400110052276,target,311.45546259240973
TSLA,long,2022-02-25,269.74334716796875,2022-02-28,289.1404898919403,target,713.0962419507985
TSLA,long,2022-04-29,300.75,2022-05-09,262.672313849041,stop,-1272.090977587996
TSLA,long,2022-05-13,257.82666015625,2022-05-20,215.94572877582976,stop,-1630.3832718865947
SPY,long,2022-02-25,404.22817407311,2022-03-02,413.17694901926416,target,215.37929813214052
SPY,long,2022-04-26,401.9162927984164,2022-05-02,387.05807585419075,stop,-375.68436489032587
QQQ,long,2022-02-25,332.0284500570756,2022-03-08,311.257745005056,stop,-631.5700392074571
QQQ,long,2022-04-26,318.95868479443385,2022-05-02,302.00783849641056,stop,-537.4433218505387
JPM,long,2022-02-25,129.71476157639572,2022-02-25,133.49393137168838,target,285.3446202548742
JPM,long,2022-07-18,104.1678384958555,2022-07-29,104.70333862304688,time,45.40743389934865
BAC,long,2022-02-25,39.147553049021774,2022-02-25,40.372607311998344,target,306.9325251676707
GS,long,2022-02-25,304.440929722423,2022-02-25,313.48891431532485,target,291.2000053064949
GS,short,2022-07-19,274.9621467635024,2022-07-21,292.5462208405966,stop,-645.5089027370182
MS,long,2022-02-22,82.3189914556574,2022-03-01,76.87720798116365,stop,-667.0605132869074
MS,long,2022-06-17,64.72480831103908,2022-06-24,67.09511714887155,target,360.2133422538383
MS,long,2022-07-15,66.5926338371438,2022-07-15,68.68896352063376,target,308.7990344722906
MA,short,2022-04-28,359.7942443731083,2022-05-02,348.65579652440397,target,303.57826654819166
XOM,long,2022-04-26,71.60303702354172,2022-04-27,73.88406315649803,target,312.5655564031942
XOM,short,2022-06-01,84.83119798488539,2022-06-07,89.9292479149585,stop,-606.9640381338754
CVX,long,2022-04-26,134.0138435985442,2022-05-04,139.20328523794524,target,381.2317590521956
CVX,short,2022-06-01,150.3532995700971,2022-06-13,145.84945180300969,target,293.5509762649173
COP,long,2022-04-29,83.80489733743546,2022-05-04,87.23311513162021,target,403.0712957240705
COP,short,2022-03-09,81.51226491668024,2022-03-21,87.9846522529158,stop,-800.038460696862
COP,short,2022-05-06,89.30901355958932,2022-05-09,85.73423041582993,target,394.27126056814024
COP,short,2022-06-01,98.48551235352915,2022-06-08,106.05611783798881,stop,-774.7024521214636
UNH,short,2022-06-29,472.33862988390314,2022-07-05,458.9606332605309,target,277.2289331630655
LLY,short,2022-03-21,277.4327657621635,2022-04-01,282.1664123535156,time,-176.62319868195175
LLY,short,2022-05-17,290.20804908733305,2022-05-19,281.57754446627507,target,291.3902566865327
PFE,long,2022-02-09,40.991449637026335,2022-02-18,38.300865560545354,stop,-662.3769030628907
PFE,long,2022-08-01,40.581859969387516,2022-08-12,40.412498474121094,time,-47.73330039435763
MRK,long,2022-07-29,79.84525063300217,2022-08-05,76.44495552613833,stop,-431.86065920098724
WMT,short,2022-03-08,44.59200754158086,2022-03-09,43.66299083408139,target,202.33704484670034
COST,short,2022-03-04,494.64503526914467,2022-03-07,519.1533460819101,stop,-501.4726938567178
COST,short,2022-03-09,502.37637569610644,2022-03-18,529.6119554293751,stop,-548.1349619701043
COST,short,2022-04-01,549.7557483938028,2022-04-07,573.26151858534,stop,-433.56751994341033
HD,long,2022-02-25,279.08706609182946,2022-03-02,288.7334493830949,target,339.6406427695735
NKE,long,2022-05-09,104.59754390605634,2022-05-20,99.99588012695312,time,-445.9399457444408
MCD,long,2022-02-25,221.73071200648644,2022-03-04,212.64977919222494,stop,-415.547812844071
CRM,long,2022-02-25,201.23846362082085,2022-03-01,210.52874903616478,target,455.6555527301647
CRM,short,2022-06-02,172.02390430309205,2022-06-09,188.8078048322455,stop,-981.6725727827686
ADBE,long,2022-02-25,465.3900146484375,2022-03-08,423.65430733768767,stop,-902.7899180707095
ADBE,long,2022-05-11,389.989990234375,2022-05-11,407.98587547682894,target,455.4447984072312
ADBE,long,2022-06-21,355.0199890136719,2022-06-21,372.6591049507188,target,490.8485291786662
ADBE,short,2022-06-01,428.0,2022-06-10,411.687483482019,target,375.133563504229
AVGO,long,2022-05-23,48.68809683189036,2022-05-26,50.9236487943193,target,453.15780404147233
QCOM,long,2022-06-21,113.10481683347719,2022-06-27,118.35829762487457,target,458.47896194659944
MU,long,2022-05-13,67.64042223690934,2022-05-13,70.81302084032502,target,463.03885258192446
MU,short,2022-03-31,75.92563337847238,2022-04-06,71.53647776813425,target,572.0861370571877
INTC,long,2022-02-25,43.857564810829864,2022-03-02,45.30517647158335,target,324.071144396058
INTC,long,2022-05-03,41.85766524249591,2022-05-04,43.25215531367911,target,327.15046673158656
NFLX,short,2022-07-19,19.302000045776367,2022-07-20,21.19765088757521,stop,-988.1007342778687
NFLX,short,2022-07-25,22.131000518798828,2022-08-05,22.67799949645996,time,-253.16414298417976
XLF,long,2022-02-25,35.283792942984206,2022-02-25,36.10718879026532,target,227.36375672866393
XLF,long,2022-04-26,33.27592375131685,2022-05-02,31.866076139983903,stop,-429.68398902138836
AAPL,long,2022-09-29,143.42384928540386,2022-09-30,136.73881906859884,stop,-472.1031097765511
MSFT,long,2023-01-09,220.18170823285104,2023-01-11,227.04581740759596,target,305.74747574788773
MSFT,short,2022-12-14,250.01250091515968,2022-12-15,243.33628934357498,target,261.0351101303625
NVDA,long,2022-08-26,17.807561673056387,2022-08-26,16.589407389846286,stop,-690.0657387997262
AMZN,long,2022-09-19,122.16000366210938,2022-09-23,115.21385093289693,stop,-574.6110446120551
AMZN,long,2022-10-14,114.0999984741211,2022-10-14,107.07062275930511,stop,-622.0714994584604
AMZN,long,2022-10-31,103.55999755859375,2022-11-02,95.3075568852006,stop,-802.8753252165694
META,long,2022-10-25,129.74065374333438,2022-10-25,135.74245569172692,target,456.59994652608106
GOOGL,long,2022-09-19,100.85568004982535,2022-09-27,96.41709496467612,stop,-446.09272288446755
GOOGL,long,2022-10-31,94.58132675716521,2022-11-02,89.16739969469539,stop,-578.4097185028843
GOOGL,long,2022-11-07,86.51287043332725,2022-11-10,91.43919312210994,target,563.4323473614537
TSLA,long,2022-11-11,186.0,2022-11-15,199.37933757647284,target,713.3192245415503
SPY,long,2022-10-14,350.7907883892063,2022-10-24,359.2843969033689,target,236.12746729081357
SPY,short,2022-12-14,382.257673780074,2022-12-15,375.2999009475401,target,176.0178719691834
QQQ,long,2022-10-14,265.13459059619925,2022-10-24,272.8472754953744,target,284.8969697930353
QQQ,short,2022-12-14,281.6077090523937,2022-12-15,275.3344490680206,target,216.76591807385392
JPM,long,2022-12-19,118.72606639466815,2022-12-21,121.42458763117806,target,221.2897029654386
GS,long,2022-09-19,292.5330491782529,2022-09-19,299.8700218281314,target,244.80833329733653
GS,short,2022-10-19,285.2692283351315,2022-10-24,299.91662738367086,stop,-519.4587818680436
MS,long,2022-10-14,68.3660028265545,2022-10-18,70.69527616478278,target,334.70638064619186
MS,short,2022-12-14,82.68642333724397,2022-12-14,80.6473837590237,target,240.5990782917127
V,long,2022-09-19,186.1201085482814,2022-09-23,178.23194616380212,stop,-429.82107156535454
V,short,2022-12-14,207.23532886488783,2022-12-15,202.41331887151915,target,226.6828161868344
MA,long,2022-09-19,304.5264572061279,2022-09-22,293.13167166758893,stop,-380.1804782113245
COP,short,2022-11-07,117.3921027428504,2022-11-09,113.13383492486234,target,356.73886560460267
UNH,long,2022-10-14,484.2031862984741,2022-10-21,496.1536714327502,target,240.80723862295028
UNH,long,2022-12-19,489.99228838677834,2022-12-28,500.9522597991072,target,217.67640618208063
UNH,short,2022-10-17,482.09878025910035,2022-10-24,501.0293186012709,stop,-398.66928516177745
LLY,long,2022-12-19,348.22981813593964,2022-12-21,356.7800086569201,target,239.53298068354047
LLY,long,2023-01-23,337.3296715511981,2023-02-02,325.0573355783639,stop,-369.80837524313534
JNJ,long,2022-08-16,147.7857100916142,2022-08-17,150.15577368856276,target,154.3716350842954
PFE,short,2022-12-14,43.223429906502865,2022-12-14,44.60576378054194,stop,-325.8112405769793
MRK,long,2022-09-23,78.09427247753088,2022-10-06,78.13002014160156,time,-1.4224986114104112
MRK,short,2023-01-10,99.44287807305514,2023-01-18,97.69288318672051,target,169.9799113063687
WMT,long,2023-01-23,44.96006130799869,2023-01-23,45.721540196181685,target,163.36784915983162
WMT,short,2022-08-17,44.18850744038821,2022-08-22,43.15379118229108,target,228.15958538382299
WMT,short,2022-11-17,46.879941884878534,2022-11-22,48.58905213893405,stop,-370.5717518704528
COST,long,2022-09-19,479.73913791197214,2022-09-23,457.55588685503477,stop,-468.40236211471665
COST,long,2022-12-09,454.70671917183074,2022-12-09,466.92785397770245,target,262.76961106117705
DIS,long,2022-12-19,86.71772525339576,2022-12-28,82.06718010907517,stop,-542.2854169353892
DIS,short,2022-08-12,115.37802711776888,2022-08-15,120.65795055210256,stop,-463.61949360984875
NKE,short,2022-12-22,106.71313779504575,2023-01-04,112.4473913410983,stop,-543.3521634295674
MCD,short,2023-01-19,245.79085412704464,2023-01-24,240.72242138534585,target,200.20916753391504
CRM,long,2022-08-26,171.00160576293587,2022-08-29,161.4861887841159,stop,-562.4519079435681
CRM,long,2022-12-07,130.2466528720099,2022-12-13,136.95777236010065,target,509.26233804147114
CRM,short,2022-10-19,149.27740934239304,2022-10-20,158.42857168756007,stop,-619.03062435772
ORCL,short,2022-09-14,71.95999297434079,2022-09-14,70.47081010581769,target,200.94594412399513
ORCL,short,2022-12-14,77.12071823289392,2022-12-28,76.66262817382812,time,53.39909139362931
ADBE,short,2022-12-19,338.0,2022-12-20,325.9319862624004,target,351.0418265562003
AVGO,long,2022-09-02,48.52961486345739,2022-09-06,46.3790367146737,stop,-449.14758211754565
AVGO,short,2022-12-12,51.46367781535828,2022-12-13,54.39891911089508,stop,-576.3520269320572
AVGO,short,2022-12-15,53.261482970892565,2022-12-20,51.76785296253474,target,274.4334248774287
QCOM,long,2022-12-23,101.45248344903779,2023-01-06,105.53621257793091,target,396.52628521848743
MU,long,2022-12-01,56.838985627326636,2022-12-02,53.20315359919144,stop,-645.672222860217
MU,long,2022-12-23,48.16030026378403,2022-12-28,50.1773650786089,target,412.8231393444353
INTC,long,2022-12-19,25.939069478279293,2022-12-22,24.538970442807155,stop,-545.7645573387067
NFLX,long,2022-10-14,23.780000686645508,2022-10-19,26.5,target,1137.8180129582597
NFLX,short,2022-09-21,24.267000198364258,2022-09-22,23.182375739755663,target,440.95448540924554
NFLX,short,2022-10-19,26.5,2022-10-21,28.44773617553002,stop,-740.9947832188764
NFLX,short,2022-12-12,32.0,2022-12-15,30.211999893188477,target,552.7500333786011
IWM,long,2022-09-02,174.3693844083232,2022-09-06,168.90943679529528,stop,-319.1253592225969
XLF,long,2022-10-14,29.873913444621017,2022-10-18,30.657926724055038,target,256.44076822656393
AAPL,short,2023-03-20,152.71489092530072,2023-03-22,158.00202136792288,stop,-352.2092275735129
AAPL,short,2023-06-01,175.24323239604442,2023-06-02,179.12188123180042,stop,-227.3294506569219
AAPL,short,2023-06-06,177.4818481362361,2023-06-15,181.85531056681089,stop,-252.41744924910336
AAPL,short,2023-07-20,192.39279363664537,2023-07-21,189.56296235023282,target,141.08613731951868
MSFT,short,2023-02-09,266.2210185187912,2023-02-09,259.03153215706396,target,264.05705265979117
MSFT,short,2023-04-27,288.4981777647632,2023-04-28,299.0354731416158,stop,-371.24651415457134
MSFT,short,2023-06-01,318.396295279445,2023-06-02,327.53861484932986,stop,-293.1364932767517
MSFT,short,2023-06-20,331.4669997090526,2023-06-21,324.74030966035775,target,196.93694559637032
MSFT,short,2023-07-20,345.3974402048797,2023-07-20,337.4411049067853,target,224.3530475898985
NVDA,short,2023-03-20,25.562549518958868,2023-03-22,27.09504949680216,stop,-605.5098324236748
NVDA,short,2023-04-19,27.304977218888993,2023-04-25,26.46683116265275,target,300.95724428454474
NVDA,short,2023-05-31,39.40715530682134,2023-05-31,37.83463119631419,target,393.0453252115211
NVDA,short,2023-07-17,46.19900003919172,2023-07-21,44.69182727272665,target,320.2349326146674
META,short,2023-06-20,276.3036313019316,2023-06-26,287.1807247921924,stop,-399.66451461417154
META,short,2023-07-28,314.12149577602924,2023-08-09,304.1770608356942,target,310.5792559266778
GOOGL,short,2023-07-28,129.6305212614067,2023-08-10,128.5501251220703,time,77.34427176742709
AMD,short,2023-03-10,84.47000122070312,2023-03-13,81.11595989953426,target,391.06893248473204
AMD,short,2023-03-23,100.05000305175781,2023-03-27,95.76564655437862,target,422.22152590668236
AMD,short,2023-05-11,98.16000366210938,2023-05-12,93.89854406383502,target,428.13400970759295
AMD,short,2023-08-03,108.94999694824219,2023-08-04,116.19710530330902,stop,-671.1774720571724
QQQ,long,2023-03-14,288.41662124487874,2023-03-16,294.40839356751525,target,201.7471227828176
QQQ,short,2023-02-06,297.4322962915616,2023-02-17,295.1294250488281,time,71.4250567758139
JPM,long,2023-03-13,121.04219220433384,2023-03-14,124.79675477043675,target,304.18626627025594
JPM,short,2023-07-17,140.74748954065532,2023-07-18,144.3107485627696,stop,-259.1667906648538
BAC,long,2023-03-13,26.615445312349557,2023-03-14,27.600177236445294,target,363.9851392825737
GS,long,2023-03-16,285.85636950938556,2023-03-21,294.9230271018039,target,311.1752865951327
MS,long,2023-03-17,77.92921619913125,2023-03-22,80.45212835814714,target,317.74406956296565
V,long,2023-03-17,209.61177844788259,2023-03-20,213.83808053780976,target,195.62521978591917
V,long,2023-06-01,217.70302343718856,2023-06-02,223.64581926106197,target,266.9771837821082
MA,long,2023-03-17,343.02258493641676,2023-03-22,350.43190235579453,target,210.00086247239858
MA,long,2023-06-01,360.14776794262144,2023-06-02,367.43581539033187,target,196.36269932600413
XOM,long,2023-03-14,95.37672635335991,2023-03-15,91.4875334555232,stop,-413.7716909078732
XOM,long,2023-03-17,90.22001379559596,2023-03-21,93.42166300065647,target,348.8712830297518
XOM,long,2023-07-10,93.14679015677919,2023-07-11,95.21832964289847,target,216.3951552847492
CVX,long,2023-03-17,134.07495424201167,2023-03-21,138.08169411147318,target,292.84327703958434
CVX,long,2023-05-01,146.37228493728523,2023-05-02,142.1958267687992,stop,-291.3312135064001
UNH,long,2023-06-15,434.827293835922,2023-06-21,445.6418804848839,target,242.70993155831522
UNH,short,2023-06-07,459.2582108647481,2023-06-14,426.16012309664893,target,714.6858143217077
LLY,long,2023-02-03,324.0354345114971,2023-02-03,332.3546824040226,target,250.7388318215036
LLY,short,2023-05-01,387.8744246097653,2023-05-02,400.61914190357726,stop,-334.5784389273472
LLY,short,2023-06-20,436.4585839532377,2023-06-22,449.47830612504663,stop,-304.30372572541506
JNJ,long,2023-02-21,145.1692491779988,2023-02-24,141.70345018450647,stop,-244.74195210879412
JNJ,short,2023-06-20,150.48806377725253,2023-06-26,148.75696067918008,target,109.03258495203839
JNJ,short,2023-07-25,156.15905346229704,2023-07-28,159.82020294611118,stop,-240.4500304427166
PFE,long,2023-06-27,30.66709701601323,2023-07-06,29.60236042270214,stop,-353.19184302156924
PFE,short,2023-05-25,31.953184095169092,2023-05-26,31.227947062702906,target,220.9686270720772
MRK,long,2023-06-01,100.22482424815202,2023-06-05,102.34415901085383,target,205.45806726030614
MRK,long,2023-06-08,98.0964028467354,2023-06-08,100.19640697838791,target,208.0755492261559
MRK,short,2023-03-08,99.77566410721322,2023-03-08,97.97163131165979,target,174.8088988127321
WMT,long,2023-06-01,47.170923993510534,2023-06-02,47.832299285590786,target,134.20825459582608
WMT,short,2023-05-19,48.84534523851322,2023-05-19,48.17051432558775,target,132.15664719539765
WMT,short,2023-06-20,49.91001160125695,2023-07-03,50.86492422198371,stop,-197.32686811531795
COST,long,2023-03-03,455.2393606310843,2023-03-06,464.0736822100133,target,188.05882581599033
COST,long,2023-05-26,466.58409496611296,2023-05-26,473.85788006265796,target,149.89440735379821
HD,long,2023-05-17,259.62737648517367,2023-05-17,265.1930629052323,target,208.37209339811193
DIS,short,2023-02-10,105.6435967524931,2023-02-17,101.83321380570979,target,354.6828112555138
DIS,short,2023-05-11,91.91459145918968,2023-05-11,89.55132613125727,target,251.11536007661073
NKE,long,2023-05-18,109.95759821327239,2023-05-19,106.16165044113788,stop,-351.2192330330772
NKE,short,2023-03-23,112.80414767949435,2023-03-28,109.8741771530587,target,253.73960946546583
NKE,short,2023-06-20,104.66406054673924,2023-06-21,102.13775175670284,target,235.37309185594202
MCD,long,2023-08-01,273.0091895579077,2023-08-04,268.00305098226545,stop,-189.36886695091926
MCD,short,2023-06-20,273.61478438741375,2023-06-23,270.3419665444547,target,113.61407166964477
MCD,short,2023-07-24,275.8044849503726,2023-07-25,272.841130321702,target,101.44403337762387
CRM,short,2023-03-03,184.87161488171557,2023-03-08,178.92425937189313,target,315.70192885628614
CRM,short,2023-07-20,227.16983461387844,2023-07-24,221.8332012163159,target,228.9182234795055
ORCL,long,2023-03-14,82.31448061470445,2023-03-15,79.44343858169539,stop,-354.7894246029155
ORCL,long,2023-03-17,81.42362118115301,2023-03-20,83.46594307913676,target,244.8267095416894
ORCL,short,2023-05-30,100.90710659258171,2023-06-07,103.7356662359317,stop,-286.31322459482146
ORCL,short,2023-06-14,112.0655530799524,2023-06-14,116.21148682746261,stop,-375.9561224270509
ADBE,short,2023-05-31,413.8999938964844,2023-06-02,432.0,stop,-443.3038504572291
AVGO,short,2023-05-24,65.38141718616954,2023-05-25,67.32559558961857,stop,-303.3594772216548
AVGO,short,2023-05-31,76.2674611171267,2023-06-12,80.35412997466648,stop,-541.8338664589523
QCOM,long,2023-05-05,100.68581309400346,2023-05-12,96.02805676726004,stop,-468.6030404496806
MU,short,2023-05-31,68.01055576717565,2023-06-08,65.543995718887,target,356.6731204392086
INTC,long,2023-04-28,31.213357863026513,2023-05-01,29.90245458559879,stop,-425.9814974026039
INTC,long,2023-05-30,29.106722195996916,2023-05-31,30.11906553490672,target,341.8039650404319
INTC,short,2023-03-20,29.085617362551254,2023-03-20,28.10485749606423,target,331.19754140401517
INTC,short,2023-08-01,35.104466502664245,2023-08-02,33.98960409704527,target,311.5842041451793
NFLX,short,2023-05-31,39.18899917602539,2023-06-05,41.126727165759796,stop,-500.4571258456243
IWM,long,2023-05-05,166.8055376997286,2023-05-18,169.9565451152769,target,182.9030459660468
XLF,long,2023-06-01,30.32437357043072,2023-06-02,30.774561161174894,target,142.457342308681
MSFT,short,2023-10-26,333.37295718073534,2023-10-26,326.3489572183799,target,204.69495323663756
NVDA,long,2023-08-15,44.473373527514866,2023-08-18,42.55209903416188,stop,-438.0055666935929
NVDA,short,2023-08-23,45.776832751180166,2023-08-24,50.11836604551162,stop,-954.4127741929726
AMZN,short,2023-08-07,140.99000549316406,2023-08-16,136.93369719731652,target,281.70183259863916
META,long,2023-08-21,280.98256944649927,2023-08-22,290.1062969860505,target,318.7079545725495
META,long,2023-09-28,296.3377357680385,2023-09-29,304.94292822462074,target,284.38463273263426
META,long,2023-10-27,291.9165286472556,2023-10-30,301.8252637956292,target,333.43727661776444
META,short,2023-09-18,295.59425860219534,2023-09-20,304.5463433454453,stop,-308.8504269867249
GOOGL,long,2023-10-30,122.12706787862865,2023-11-02,127.29128739355363,target,416.85625984709975
GOOGL,short,2023-12-21,138.26398757269197,2024-01-05,135.05819086090438,target,225.8605710761923
AMD,short,2023-12-15,139.52000427246094,2023-12-27,144.72000122070312,stop,-378.70619187248496
AMD,short,2024-01-19,165.8000030517578,2024-01-19,171.68798978507905,stop,-361.12585192674527
AMD,short,2024-01-23,166.5,2024-01-24,173.13112193950616,stop,-404.2655819523218
SPY,long,2023-09-28,411.3527373620953,2023-09-28,415.7943767249545,target,101.9764143868922
JPM,short,2023-10-16,140.93729128323395,2023-10-16,138.4415095705137,target,171.08455228535814
JPM,short,2024-01-16,156.43768035554754,2024-01-16,158.82669233406781,stop,-158.71333435081579
BAC,long,2024-01-16,30.55785963749956,2024-01-17,29.89311042603672,stop,-223.53788365696968
BAC,short,2023-12-18,31.783563183425233,2023-12-19,31.085634896489854,target,213.5878048372313
GS,long,2024-01-17,355.5531724002725,2024-01-19,362.30110440995156,target,183.7868598422292
GS,short,2023-09-18,321.9596139163753,2023-09-21,314.4026509651702,target,228.71772932265657
GS,short,2023-12-18,361.29583520352674,2024-01-02,368.23476101131484,stop,-198.05662317915318
GS,short,2024-01-23,360.08283958625566,2024-01-30,367.27402909026904,stop,-205.70930889892546
GS,short,2024-02-01,364.29982997371906,2024-02-12,371.3814985301385,stop,-200.39121223115308
V,short,2023-12-15,249.76415425997342,2023-12-15,252.99222424161982,stop,-135.24472653855545
MA,long,2023-10-26,364.9885813198401,2023-10-26,358.33501998901755,stop,-188.29505445793714
MA,short,2023-12-15,405.9123978982257,2023-12-15,411.52493664829996,stop,-144.26970496923386
MA,short,2024-02-01,448.30892055160723,2024-02-02,455.4128582089517,stop,-164.46076960957413
CVX,long,2023-10-31,129.99780932946575,2023-11-08,126.7125284240116,stop,-258.7181744369211
UNH,long,2023-12-18,501.6452236882778,2023-12-20,492.8524720117014,stop,-181.2782895435312
UNH,long,2024-01-19,488.2675656370954,2024-01-19,478.2496089496359,stop,-211.17350306461512
UNH,long,2024-01-23,485.8973625075181,2024-01-25,462.28043358807355,stop,-492.047687058172
LLY,long,2023-12-18,566.5691404613638,2024-01-02,582.3718870865025,target,272.9200028132566
LLY,short,2024-01-05,603.4544286776729,2024-01-09,619.2878503006121,stop,-268.37974021724233
LLY,short,2024-02-01,636.2120540441921,2024-02-01,648.9772617835386,stop,-206.64391515693947
PFE,long,2023-12-04,24.675512818820934,2023-12-13,22.345706804367865,stop,-950.1773435711698
MRK,long,2023-10-23,94.3945929988706,2023-10-26,96.05421427896582,target,169.81740938435564
WMT,long,2023-08-21,51.036080279208505,2023-08-29,51.82549561949233,target,148.6778937498905
WMT,long,2023-10-09,50.210460789986634,2023-10-10,50.9607201091655,target,143.42291055980218
WMT,short,2023-08-15,51.654486194084285,2023-08-17,51.0213876563361,target,116.56409547263813
COST,long,2023-10-09,534.2190825584692,2023-10-10,544.1535543805414,target,179.96250389436352
COST,short,2023-09-18,537.2800369649278,2023-09-20,544.3220310172709,stop,-137.06748004491297
HD,short,2023-08-16,308.2720473824438,2023-08-16,312.8020616380319,stop,-152.9485895348832
HD,short,2023-11-15,283.639562836947,2023-11-24,289.2295107687715,stop,-203.07927469335252
DIS,long,2023-09-05,78.94183695474855,2023-09-07,77.34674690924687,stop,-208.05889640191987
DIS,short,2023-08-10,87.23160585237903,2023-08-10,88.95364648360778,stop,-203.41017196713616
NKE,long,2023-08-24,92.72365542272904,2023-08-29,94.95069010810239,target,234.17977669455126
MCD,short,2023-12-15,273.68075076055925,2023-12-15,270.20176835628575,target,121.11827173103707
CRM,short,2023-09-01,219.6991180374413,2023-09-05,214.25990423105227,target,241.5755867832874
ORCL,long,2023-08-24,115.52854454588756,2023-08-24,112.73872735749944,stop,-247.48293388046693
ORCL,short,2023-08-25,108.99338404255982,2023-08-25,112.08864884575212,stop,-289.9864850864382
ADBE,short,2024-01-23,602.2100219726562,2024-01-24,615.2116677347273,stop,-221.8988606579748
AVGO,short,2023-10-16,86.40850009438041,2023-10-16,88.79099354179289,stop,-281.72443044494133
QCOM,short,2023-10-20,105.22610981709511,2023-10-20,102.60814194750266,target,242.79451251623942
MU,long,2023-09-28,65.24090246926832,2023-09-28,63.47991666544764,stop,-275.92051568418884
MU,short,2023-11-10,73.74011048129238,2023-11-14,75.76487330066051,stop,-280.5809310770975
MU,short,2023-12-18,80.82288384380057,2023-12-20,78.80001881861232,target,244.28369800534134
INTC,long,2023-10-25,33.617738476453894,2023-10-25,32.56569596763195,stop,-318.9426774376265
INTC,short,2023-09-13,38.161738948696225,2023-09-15,37.04618003504147,target,286.3239203419126
INTC,short,2023-12-15,45.33285975624256,2023-12-22,46.6477140580283,stop,-296.0444200643393
NFLX,short,2024-01-12,50.05099868774414,2024-01-16,48.855040942366095,target,232.94782856168973
NFLX,short,2024-01-25,55.19499969482422,2024-01-26,56.802966164389495,stop,-297.32466318612103
IWM,long,2023-10-05,165.6377475476162,2023-10-06,168.28556824398822,target,153.85611586579074
IWM,short,2024-02-01,189.12806629855777,2024-02-05,185.57147243652693,target,182.05214538684
XLF,short,2024-02-01,37.246172917842884,2024-02-01,36.85253706785125,target,99.68491180554585
AAPL,long,2024-08-06,203.53688424769564,2024-08-07,210.2183229525681,target,322.2667281445373
AAPL,short,2024-06-11,191.98689659289002,2024-06-11,195.0828197136394,stop,-167.2570011647363
MSFT,long,2024-04-26,405.0620796331898,2024-04-29,397.0816528775385,stop,-203.0173747905035
MSFT,long,2024-08-06,393.81095153508136,2024-08-13,404.2314621859705,target,258.6069290422171
NVDA,long,2024-07-26,115.99880916186419,2024-07-30,110.05719139296636,stop,-518.2136866600869
NVDA,long,2024-08-06,103.6691316762756,2024-08-13,112.25498947976828,target,822.1981014660644
NVDA,short,2024-02-26,79.55857539682756,2024-03-04,83.98071640863849,stop,-561.8346149052907
NVDA,short,2024-03-11,86.27969121669621,2024-03-12,90.01739796537746,stop,-439.2081740178917
AMZN,long,2024-08-05,154.2100067138672,2024-08-05,160.6587893609845,target,412.1818537290427
AMZN,short,2024-06-25,186.80999755859375,2024-06-26,190.44776456550187,stop,-200.7308524409741
AMZN,short,2024-07-01,193.49000549316406,2024-07-01,197.78290703264182,stop,-227.86683640512018
META,long,2024-04-26,438.0813579966591,2024-05-06,458.69031213514944,target,464.43668401538065
META,short,2024-04-05,512.9043633487449,2024-04-05,526.2786964954668,stop,-266.75686039013226
GOOGL,long,2024-07-29,167.53816257445885,2024-07-31,171.9144211788754,target,255.20965738009704
GOOGL,short,2024-03-19,146.85777429622541,2024-03-26,150.55978096734904,stop,-258.0810824530373
TSLA,short,2024-06-14,185.8000030517578,2024-06-14,178.31390818124325,target,396.9114503528386
AMD,long,2024-06-21,161.75,2024-07-01,155.22371787935322,stop,-409.4795746922282
AMD,short,2024-03-07,212.52000427246094,2024-03-08,220.73252722483747,stop,-392.4352901973245
AMD,short,2024-05-17,168.42999267578125,2024-05-23,162.28187554062626,target,359.025078816561
QQQ,long,2024-08-06,432.6922054571562,2024-08-07,443.4800851350168,target,243.31994479685082
QQQ,short,2024-03-11,431.7113612748173,2024-03-12,437.7171064309623,stop,-145.11482751833182
QQQ,short,2024-07-12,487.3984860685638,2024-07-12,493.0884756757503,stop,-122.74204516068487
JPM,short,2024-05-21,188.01476428528767,2024-05-22,191.4234800774712,stop,-187.30043165180743
BAC,short,2024-07-18,41.66884692064365,2024-07-19,40.843621113701204,target,192.04383080579413
GS,long,2024-08-06,442.6282450880908,2024-08-07,460.2753965518508,target,392.69013465798855
GS,short,2024-07-18,479.6027469940493,2024-07-18,470.23762429459146,target,189.26832901092695
MS,long,2024-04-15,82.31549881168924,2024-04-15,80.28900213062902,stop,-252.18652748447545
MS,short,2024-03-06,81.34982984330827,2024-03-06,79.62971798916901,target,205.44627560407358
V,short,2024-03-25,278.2505820558748,2024-03-26,274.52987143210055,target,127.71798169418136
V,short,2024-05-14,274.7406675328228,2024-05-14,271.0561631113622,target,128.10844686909672
V,short,2024-06-25,272.69798079863307,2024-06-26,268.81704993623816,target,136.3160835672155
MA,long,2024-05-06,441.26356515937977,2024-05-08,448.4131995003685,target,156.02639205904921
MA,long,2024-06-03,437.5635137886414,2024-06-06,443.4716434914963,target,129.02336270452275
MA,long,2024-07-12,432.20385500337335,2024-07-16,441.6305416039906,target,212.1074160142238
MA,short,2024-08-05,449.5948028564453,2024-08-05,440.6952621058883,target,191.9458101831899
XOM,long,2024-04-29,109.38844031667858,2024-04-29,111.49204372765291,target,186.30582362125492
XOM,long,2024-05-06,108.3759342131157,2024-05-13,110.44363410891826,target,184.7895798837167
XOM,short,2024-03-18,103.84284330052836,2024-03-21,105.48768912326358,stop,-164.39761031724908
COP,long,2024-06-05,105.18267477131911,2024-06-12,107.5831702424329,target,222.22156560790896
COP,short,2024-07-22,106.62815490541864,2024-07-23,104.50106185871634,target,193.48699746226262
UNH,long,2024-02-29,472.62407114132094,2024-03-01,462.8671036278827,stop,-212.44245837662223
UNH,long,2024-04-03,439.7454750025888,2024-04-05,428.98019714908696,stop,-250.80701827434336
UNH,long,2024-05-30,459.0866218949469,2024-05-31,468.51795754827583,target,199.43695249492845
UNH,short,2024-07-19,542.0917195927932,2024-07-23,528.8754287649576,target,237.80174701364777
LLY,long,2024-08-06,778.2703077744693,2024-08-08,862.9475494490474,target,1082.0184022016715
LLY,short,2024-02-07,698.1791955164366,2024-02-07,715.8810474967099,stop,-259.5431031739565
JNJ,short,2024-08-06,152.16619289330188,2024-08-08,149.36494084437052,target,178.0916169135931
PFE,short,2024-05-08,23.907562388233156,2024-05-08,24.43421041836927,stop,-226.2851221650759
PFE,short,2024-07-19,26.23057865801703,2024-07-25,26.795162945531004,stop,-221.23897542436333
MRK,long,2024-03-11,115.25317969352913,2024-03-11,113.49888020782083,stop,-158.21267563924724
MRK,long,2024-08-02,107.79505346070502,2024-08-05,104.52347898828896,stop,-309.49949903857754
WMT,short,2024-02-21,56.87042318260734,2024-02-23,57.711489556602416,stop,-153.89170309045696
WMT,short,2024-06-24,66.79980330266122,2024-06-24,67.7143228469212,stop,-142.90452651730521
COST,short,2024-03-01,731.3342515858759,2024-03-01,740.5957398884144,stop,-132.638240755923
COST,short,2024-07-12,840.7856551151667,2024-07-18,825.5493260428738,target,175.21537849270285
NKE,long,2024-03-25,89.28681427495741,2024-04-02,86.97163049181974,stop,-265.29738919882374
MCD,long,2024-02-07,268.62957021424637,2024-02-07,273.37658734125534,target,170.71238215595463
MCD,long,2024-05-01,257.20209790255046,2024-05-01,261.3506744665491,target,155.2963734677808
MCD,short,2024-08-06,257.4220299224873,2024-08-16,263.23504371047244,stop,-231.8164846938504
CRM,long,2024-04-17,273.37333529197707,2024-04-18,265.6490618273801,stop,-288.5540192625975
CRM,short,2024-03-05,306.0158348287997,2024-03-05,299.00864591094836,target,222.9812526130064
CRM,short,2024-04-05,288.9249292580423,2024-04-05,296.0465787860537,stop,-252.48788688119706
ADBE,long,2024-02-21,539.760009765625,2024-02-23,556.6362438164838,target,306.6618079428822
ADBE,long,2024-06-03,447.5799865722656,2024-06-06,459.48761590697876,target,260.0447225512974
ADBE,short,2024-06-17,525.510009765625,2024-06-17,509.50380072698186,target,298.58428462251
QCOM,long,2024-08-06,151.81358186687044,2024-08-13,160.25077608669574,target,549.7601708669324
QCOM,short,2024-05-06,173.61248242770333,2024-05-08,168.66878000527592,target,278.7550103136209
QCOM,short,2024-05-29,199.13279986886235,2024-05-31,193.9499941944468,target,254.26880944920447
MU,long,2024-08-06,88.64251073108584,2024-08-12,94.65928810149126,target,672.7688345898135
MU,short,2024-02-27,91.1479160972038,2024-02-28,88.59416150276019,target,274.1769589246772
MU,short,2024-03-05,93.48887533422513,2024-03-07,98.13107244920181,stop,-502.55074984918946
MU,short,2024-03-22,108.42723585099732,2024-03-25,112.63381706319313,stop,-393.9635203443321
MU,short,2024-03-27,118.33658655289271,2024-04-01,123.08448161254591,stop,-407.21953809534983
MU,short,2024-06-20,155.89235597763732,2024-06-20,150.8463461009879,target,317.6855229369473
INTC,long,2024-04-10,37.62750200993688,2024-04-12,36.235021254415216,stop,-376.0699438283028
INTC,long,2024-08-05,20.072667229540986,2024-08-16,20.8700008392334,time,391.2235481087316
INTC,short,2024-07-12,33.55712801341558,2024-07-12,34.48343029425562,stop,-282.0374131152465
INTC,short,2024-07-18,34.73962508799172,2024-07-18,35.83814750136284,stop,-322.2159668069764
NFLX,long,2024-04-23,55.64899826049805,2024-04-23,57.461460935817165,target,319.6954719714478
NFLX,long,2024-07-18,65.66000366210938,2024-07-18,64.15253093141962,stop,-235.58767082123632
XLF,short,2024-03-15,39.084898839250556,2024-03-18,39.47052269685543,stop,-104.66313309160103
XLF,short,2024-07-19,41.977648144100556,2024-07-22,41.48100962098326,target,112.31023058091361
AAPL,long,2024-09-10,217.29112653781655,2024-09-13,222.20929590226538,target,220.3400923365766
AAPL,long,2025-01-22,218.39466636780546,2025-01-23,223.82644156918198,target,242.7137296763775
AAPL,short,2024-10-16,229.87678174389526,2024-10-18,234.4226930307779,stop,-203.75426001688245
MSFT,short,2024-10-31,409.6703738017444,2024-10-31,402.9379209946276,target,158.33828847909115
NVDA,long,2025-01-29,126.31135328562937,2025-01-30,118.72943874518755,stop,-606.2559820016129
NVDA,short,2025-01-08,142.36737985085435,2025-01-10,136.49085899613488,target,406.7715815853172
AMZN,short,2024-11-04,196.4499969482422,2024-11-06,201.30539322822426,stop,-253.15685189149238
META,long,2024-11-07,573.5899682554951,2024-11-07,587.0025382498062,target,227.83550509266772
META,short,2024-10-31,581.6535861943853,2024-10-31,569.3572336832822,target,205.40336452758925
META,short,2025-01-31,687.6013388802664,2025-02-05,707.5401590265539,stop,-295.976459015584
GOOGL,short,2024-10-31,172.03325462883092,2024-11-01,168.2245989247072,target,215.3906673067978
TSLA,short,2024-09-09,216.1999969482422,2024-09-11,228.04682509680813,stop,-553.9569063732259
TSLA,short,2024-12-19,451.8800048828125,2024-12-19,429.9461066361685,target,479.39209545977127
AMD,long,2025-02-06,110.93000030517578,2025-02-19,115.92806319628387,target,444.56007187939116
SPY,long,2024-09-12,542.1749203516514,2024-09-17,552.0315464267048,target,175.79789778288713
SPY,long,2024-12-23,580.9442707021165,2024-12-24,587.0754089530201,target,99.53745961714434
JPM,long,2024-09-12,199.27713568329062,2024-09-24,204.28097631866368,target,245.09958642348218
JPM,short,2024-11-08,231.09688077350958,2024-11-15,236.88637741104804,stop,-256.5224916130544
BAC,long,2024-12-23,42.444534568158325,2024-12-23,41.56915345302915,stop,-212.2411860644786
BAC,short,2024-10-16,40.58480455010492,2024-10-16,41.38977463910052,stop,-204.3427289890738
BAC,short,2024-11-08,43.40198930559578,2024-11-11,44.35356042726353,stop,-225.24596934202566
GS,long,2024-09-12,455.18494847622395,2024-09-16,468.02020608873914,target,275.9789550485452
GS,short,2024-10-16,511.877872434147,2024-10-21,501.2423238375833,target,201.7751192093569
MS,long,2024-09-12,92.9600252411628,2024-09-16,95.27768395371288,target,243.31778003905114
MS,long,2024-12-23,118.45387612789769,2024-12-24,121.2972221375081,target,234.0382412594393
MS,short,2024-10-16,111.58639290678767,2024-10-16,113.61715687208712,stop,-187.99028684400932
V,short,2024-10-31,288.2863209605735,2024-11-01,283.722315045082,target,152.31503556201332
V,short,2024-12-19,308.35436865666327,2024-12-19,312.94171361705764,stop,-154.76860608069143
V,short,2025-02-03,336.21043732565704,2025-02-03,341.331799183631,stop,-158.3260818049299
MA,long,2024-12-23,520.2742814717924,2024-12-24,528.8009807012913,target,157.8885398174583
MA,short,2024-11-01,495.15249918999643,2024-11-01,503.0164109010451,stop,-164.8179747433971
XOM,short,2025-01-22,105.83473068591391,2025-01-24,103.9026855390122,target,176.55303664308943
CVX,long,2024-10-29,139.293876305757,2024-11-01,141.55910339791194,target,156.6221591523991
CVX,short,2024-11-04,143.36016544413138,2024-11-06,145.85415215942467,stop,-179.96650649550426
CVX,short,2025-01-14,145.56348540955435,2025-01-15,148.26446904849618,stop,-191.55365250717992
UNH,long,2024-09-23,553.0023198770242,2024-10-01,563.9750077575956,target,192.42028660949308
UNH,long,2024-12-10,541.1704171230616,2024-12-11,525.1994230700507,stop,-301.11949559096416
UNH,short,2024-11-07,574.2976995115969,2024-11-08,587.1831802528435,stop,-230.3693602151797
LLY,long,2024-10-31,826.1406271409622,2024-11-04,795.0211507626026,stop,-382.6849777870784
LLY,long,2024-11-19,708.6022288404723,2024-11-20,735.5903060829799,target,374.8635669502447
LLY,long,2025-01-16,739.4565202241802,2025-01-24,762.0487300166559,target,299.5245193541123
PFE,long,2024-11-06,24.81494851478916,2024-11-06,24.360118280795827,stop,-189.2888082448636
MRK,long,2024-10-31,95.107176601819,2024-10-31,93.41678982448104,stop,-183.73493418010156
MRK,long,2025-02-05,85.85707384475936,2025-02-07,83.13100035652762,stop,-323.5129743136629
WMT,short,2024-08-16,71.56776421000151,2024-08-20,72.9969304443182,stop,-205.69412906669425
WMT,short,2024-11-07,82.41614810898463,2024-11-08,83.61916421992873,stop,-151.96849507614306
WMT,short,2024-11-20,85.2512966982563,2024-11-21,86.65232587744497,stop,-170.3410990154859
WMT,short,2024-11-26,88.49007129811537,2024-11-26,90.00543032239743,stop,-177.2462202880305
WMT,short,2025-01-22,92.51416084054306,2025-01-27,94.61563961773054,stop,-233.1521200748472
COST,long,2024-09-30,883.0766407028074,2024-09-30,899.7874117302324,target,183.23353033237998
COST,long,2024-12-23,946.2607080547242,2024-12-27,928.4563181920204,stop,-194.1552273189613
HD,long,2024-08-14,332.4792081203963,2024-08-14,341.2459546056362,target,257.67803673501555
HD,long,2024-12-23,376.2303738973439,2025-01-07,369.62164306640625,time,-181.65649371894864
DIS,long,2024-12-23,109.54977349516133,2025-01-07,109.3338394165039,time,-25.711047478063737
DIS,short,2024-11-15,107.73748309937983,2024-11-15,110.18379666251629,stop,-233.06243850897368
DIS,short,2025-02-06,109.81478187189875,2025-02-06,107.26517192539184,target,226.1736566832211
NKE,long,2024-11-01,73.74551802230748,2024-11-06,72.09617884398357,stop,-229.65280257777843
NKE,long,2024-12-23,73.42926682994613,2024-12-23,75.21316205782279,target,236.9406291101821
MCD,long,2024-10-24,286.99377020250046,2024-10-25,282.01522274498666,stop,-179.47231802282593
CRM,short,2024-11-13,341.13202098757745,2024-11-14,333.19990762190065,target,226.5232718615311
ORCL,long,2024-12-11,174.56326138541223,2024-12-13,168.77774520112266,stop,-337.4280529805147
ORCL,short,2024-09-11,153.4079865829873,2024-09-12,157.53688538705234,stop,-275.14497061282236
ORCL,short,2024-09-16,161.4414205929744,2024-09-16,166.263754817667,stop,-304.70489289428815
ORCL,short,2024-12-10,170.1108812397364,2024-12-11,174.87869624558058,stop,-286.27689769738686
ORCL,short,2025-01-23,178.57078008336757,2025-01-24,185.4525121916634,stop,-391.3783975789904
ADBE,long,2024-09-16,537.4000244140625,2024-09-17,520.3883239678878,stop,-322.55563217963925
AVGO,long,2024-09-10,138.61311867024898,2024-09-10,146.55537203289484,target,566.9799198544794
AVGO,long,2025-01-29,206.2101298109656,2025-01-30,217.62818028773532,target,547.7094849431857
QCOM,long,2024-12-23,150.72387369122134,2025-01-06,155.36090561523193,target,301.6507928339334
QCOM,short,2024-09-20,166.34369214498068,2024-09-20,160.69416170949188,target,333.62997710576315
QCOM,short,2024-10-16,168.2027670537739,2024-10-21,162.88113070615503,target,310.38221182874736
QCOM,short,2024-11-07,173.6451413112951,2024-11-07,168.2511693325042,target,304.63189779212405
MU,long,2024-12-23,89.53820564670427,2024-12-31,83.81289509185105,stop,-645.426545741143
MU,short,2024-09-27,109.8093985269236,2024-09-30,104.94781276941322,target,436.72947695987887
MU,short,2024-12-18,109.68431464063167,2024-12-18,105.43135224549681,target,381.74572363142414
INTC,short,2024-09-18,21.360000610351562,2024-09-20,22.41626920357201,stop,-500.5077542313148
INTC,short,2025-01-22,21.729999542236328,2025-01-24,20.925288950571836,target,364.3224153780516
NFLX,short,2024-09-20,70.55500030517578,2024-09-25,72.32771384719746,stop,-257.25271552038254
NFLX,short,2025-01-23,95.78099822998047,2025-01-30,98.98060677995446,stop,-340.054625562723
IWM,long,2024-12-23,218.36543071151968,2025-01-06,222.69932377257027,target,192.4697416129033
IWM,short,2024-09-19,219.83593754031213,2024-09-23,215.56843641277308,target,188.12208828488264
IWM,short,2024-11-08,231.65168209089333,2024-11-11,236.15846742973096,stop,-200.55008045524468
AAPL,long,2025-04-10,188.07624843340898,2025-04-14,210.32868138530173,target,1177.1601883409303
MSFT,long,2025-04-01,371.00006183577835,2025-04-04,360.5825339787073,stop,-286.7958523112675
MSFT,long,2025-04-10,378.3379012524662,2025-04-10,364.8578939863851,stop,-362.29544968813207
MSFT,short,2025-08-01,530.7605061500977,2025-08-14,518.3396606445312,time,228.01977655914564
NVDA,long,2025-03-05,117.40465751759531,2025-03-07,109.93590715327558,stop,-642.1545208034358
NVDA,long,2025-04-08,103.66472218207363,2025-04-08,96.95491039237746,stop,-653.2608664219692
AMZN,long,2025-02-26,214.94000244140625,2025-02-27,209.3809864310455,stop,-264.63105737500723
AMZN,long,2025-03-05,204.8000030517578,2025-03-07,198.23809691370099,stop,-326.40556837289125
AMZN,long,2025-04-01,187.86000061035156,2025-04-03,181.38746973504567,stop,-350.5401285146832
AMZN,long,2025-04-08,185.22999572753906,2025-04-08,176.22101295358812,stop,-492.3673801084878
AMZN,short,2025-07-01,219.5,2025-07-11,224.66614482028248,stop,-241.35967290580828
META,long,2025-03-10,605.0792054575583,2025-03-18,581.3339838529396,stop,-398.4316253218885
META,long,2025-04-08,541.0589972717423,2025-04-08,513.0388690089866,stop,-523.8756550403108
META,short,2025-05-02,581.1068737819331,2025-05-08,608.1773410249066,stop,-471.8431772936145
GOOGL,long,2025-04-01,152.99776917438965,2025-04-04,147.41049617328275,stop,-371.1865665268894
GOOGL,long,2025-06-24,166.4451910152502,2025-06-27,175.68361601747387,target,549.043071288086
GOOGL,short,2025-04-28,161.7720931027873,2025-05-07,149.964700399644,target,723.8782179718155
GOOGL,short,2025-05-23,168.3752347830085,2025-05-28,174.16493999624876,stop,-349.8572911688387
GOOGL,short,2025-07-24,196.4694966306823,2025-08-01,188.1813928037009,target,415.851939823572
AMD,short,2025-05-09,102.58999633789062,2025-05-12,110.41999816894531,stop,-769.2324895758625
AMD,short,2025-05-15,117.0199966430664,2025-05-29,113.02999877929688,time,334.9671832361949
AMD,short,2025-06-18,128.00999450683594,2025-06-20,132.74207230854984,stop,-375.6647140673992
AMD,short,2025-07-30,175.61000061035156,2025-07-31,182.02000427246094,stop,-371.01358919370784
SPY,long,2025-02-26,585.8995775558942,2025-02-27,579.587843642141,stop,-113.72723100574422
SPY,long,2025-03-03,586.1452445030724,2025-03-03,578.8900154496416,stop,-129.7786900340998
SPY,long,2025-03-06,565.7937704196924,2025-03-07,557.2432643622667,stop,-157.12407566953422
SPY,short,2025-08-01,619.4364414435403,2025-08-05,624.866279158634,stop,-93.65770548532892
QQQ,long,2025-03-03,507.7399630206097,2025-03-03,498.8284259183349,stop,-181.51380138090656
QQQ,short,2025-08-01,556.1514446022372,2025-08-05,562.6799876518158,stop,-123.38786463546535
JPM,long,2025-04-08,218.27262514065112,2025-04-08,209.73172285089424,stop,-397.2951651290797
JPM,short,2025-06-23,268.60267120020006,2025-06-24,273.631706176909,stop,-193.2295221130016
BAC,long,2025-03-06,40.21112114501805,2025-03-10,39.04107076658275,stop,-296.9768106727517
BAC,short,2025-06-30,46.60478747838259,2025-07-02,47.41598414619851,stop,-180.05865613960626
GS,long,2025-03-10,528.9620003477629,2025-03-13,509.7892151541225,stop,-368.46053933997933
GS,short,2025-02-21,625.789129136776,2025-02-24,597.9374508894214,target,439.0649100564219
GS,short,2025-07-01,694.0288764031644,2025-07-03,708.0635762954179,stop,-208.22069094572691
MS,long,2025-03-10,112.3645742539738,2025-03-10,108.38301067889188,stop,-360.3433151878039
MS,long,2025-04-08,101.92241482448257,2025-04-08,96.51939133667324,stop,-536.1114084780778
MS,short,2025-02-21,130.9434495788902,2025-02-24,124.88993037619566,target,456.30026947987614
V,long,2025-04-10,324.9097444074877,2025-04-10,312.6806972533976,stop,-382.38289908452083
V,long,2025-06-23,334.85507146661934,2025-06-24,350.6743162829358,target,466.42064296743047
V,short,2025-03-04,356.69542371179443,2025-03-05,345.6391663501297,target,303.963532657993
MA,long,2025-04-10,503.0105728787694,2025-04-10,484.2845445612504,stop,-378.2790201078363
MA,short,2025-08-01,560.3680535050502,2025-08-07,569.8641405063715,stop,-175.46160549168087
XOM,long,2025-04-08,101.26948092239431,2025-04-08,98.15219909706512,stop,-313.8204605114987
XOM,long,2025-04-10,99.58900327605843,2025-04-10,95.90183100334308,stop,-376.2388970089998
XOM,long,2025-08-06,104.96414033212473,2025-08-07,102.92983243845781,stop,-199.80979896848726
CVX,long,2025-04-10,135.8084962585661,2025-04-10,130.5795037957284,stop,-391.0269023583175
CVX,short,2025-03-11,150.23138924884006,2025-03-19,153.58913727015303,stop,-229.50509025455878
CVX,short,2025-06-16,139.87177056762948,2025-06-17,142.63261967880084,stop,-203.3842970577433
CVX,short,2025-07-21,145.12188046717955,2025-07-24,148.34267773434024,stop,-227.93739888101138
COP,long,2025-04-10,84.93786467823035,2025-04-10,80.5022442967711,stop,-528.2194363212096
UNH,long,2025-02-24,449.383215277445,2025-03-07,475.18988037109375,time,568.2685577990692
UNH,short,2025-04-07,496.48434586876306,2025-04-07,509.1214831049827,stop,-260.5324407783056
UNH,short,2025-04-09,541.6843966609358,2025-04-09,558.389284150488,stop,-314.3878286420072
LLY,long,2025-04-10,732.2089798712695,2025-04-10,698.1788621671429,stop,-470.7596333782944
JNJ,long,2025-04-10,145.45742872051707,2025-04-10,141.189740632488,stop,-299.397740188921
JNJ,short,2025-07-18,159.93386176463872,2025-07-22,162.70820459345774,stop,-179.46813227719028
PFE,long,2025-04-10,20.416556577247004,2025-04-10,19.694492783119365,stop,-359.6658061782727
MRK,long,2025-04-10,77.22900107999834,2025-04-10,74.31746898536095,stop,-382.999838651475
MRK,long,2025-07-30,80.22783138175475,2025-07-31,78.1019711485623,stop,-270.97790063360947
MRK,short,2025-03-10,89.94143269940861,2025-03-21,89.2047119140625,time,75.9111685499041
WMT,long,2025-02-25,93.08638847586333,2025-02-26,97.3419865375651,target,451.16652363253064
WMT,long,2025-05-16,95.34285165447858,2025-05-30,97.9014663696289,time,262.3593652540117
COST,long,2025-03-12,931.5356443186013,2025-03-13,905.9292142230846,stop,-280.88406108439614
COST,long,2025-04-08,925.6267194688238,2025-04-08,894.8764143962411,stop,-338.21064632003026
COST,short,2025-04-11,957.3167659074719,2025-04-17,992.7736722385616,stop,-376.37799392846796
COST,short,2025-05-14,993.1692401123703,2025-05-16,1017.8601546450249,stop,-254.6073222511509
HD,long,2025-04-10,341.58872231409816,2025-04-10,329.09402054271857,stop,-371.7820342174656
HD,short,2025-05-21,365.91674866338775,2025-06-04,360.5148010253906,time,141.6277775676904
DIS,long,2025-08-07,114.09784426680524,2025-08-07,111.9229490167297,stop,-196.61668202860926
MCD,long,2025-04-08,294.9111380866723,2025-04-08,287.5543157401507,stop,-255.45895208472902
MCD,long,2025-06-10,292.9031068862079,2025-06-17,288.1292364044014,stop,-168.98463108010532
CRM,long,2025-04-08,251.02554571723277,2025-04-08,240.86049323050167,stop,-410.94095761000716
CRM,long,2025-05-30,265.40918894109205,2025-06-02,257.35505869649387,stop,-309.46086647308204
ORCL,long,2025-03-03,164.12900766579773,2025-03-04,156.52963405696732,stop,-469.01221928450207
ORCL,long,2025-03-10,147.98646797401963,2025-03-11,140.99659122474074,stop,-478.33215610673506
ORCL,long,2025-04-10,134.82356908642996,2025-04-16,126.96844022446815,stop,-588.622824420721
ADBE,long,2025-04-10,360.9700012207031,2025-04-10,345.5357664703834,stop,-433.57666005832306
AVGO,long,2025-03-03,201.4310860068993,2025-03-03,191.2343650366267,stop,-512.213870580201
AVGO,long,2025-04-08,166.01001678632772,2025-04-08,155.45419277479505,stop,-641.8546439471257
AVGO,short,2025-06-05,260.4243925452424,2025-06-06,244.4681248366407,target,606.702502736172
AVGO,short,2025-08-01,284.4557658058652,2025-08-04,292.6641529632442,stop,-294.5646256501273
QCOM,long,2025-08-04,145.44444585463015,2025-08-06,141.53659563562917,stop,-274.6833585179882
MU,long,2025-04-08,71.41803250854382,2025-04-08,65.45966233513896,stop,-840.2949202208915
INTC,long,2025-04-10,20.68000030517578,2025-04-11,18.95453330190819,stop,-840.3650763079257
INTC,short,2025-02-18,24.600000381469727,2025-02-18,25.689369194164673,stop,-448.83284382203857
INTC,short,2025-06-23,21.06999969482422,2025-06-24,21.94769842143096,stop,-422.56323650652195
NFLX,long,2025-07-22,123.03800201416016,2025-07-22,119.81162050584011,stop,-268.2264223657278
NFLX,short,2025-04-22,100.52999877929688,2025-04-22,104.86679233256093,stop,-437.39297781004115
NFLX,short,2025-07-02,129.6959991455078,2025-07-11,124.01613566316324,target,431.9366765178505
XLF,long,2025-03-06,48.51861395322414,2025-03-07,47.687092880184835,stop,-177.3818687897717
XLF,short,2025-03-04,50.08310217732913,2025-03-04,48.6144561328976,target,287.2418281981608
AAPL,short,2025-11-03,269.65711516237894,2025-11-14,271.9048156738281,time,-89.35402201776532
MSFT,long,2026-01-30,437.2229597325442,2026-02-03,410.44535534512704,stop,-618.4473518910678
NVDA,long,2025-11-26,181.39863013804072,2025-12-10,183.55612182617188,time,112.93649287700426
NVDA,short,2025-10-13,187.73056363822363,2025-10-24,186.02272033691406,time,84.97310891798993
AMZN,long,2026-02-09,208.97000122070312,2026-02-23,205.27000427246094,time,-183.05876090484574
AMZN,short,2025-09-11,231.49000549316406,2025-09-23,221.14294663703805,target,440.9764832430989
AMZN,short,2025-11-03,255.36000061035156,2025-11-07,241.65338025151115,target,530.7567483583713
AMZN,short,2026-01-05,228.83999633789062,2026-01-06,238.05914094569323,stop,-408.86421759027746
META,long,2025-10-07,715.8581417735932,2025-10-20,730.2706298828125,time,195.33162240093094
META,short,2025-09-22,779.8217552362186,2025-09-25,747.3158694048681,target,410.83738127444303
GOOGL,long,2026-02-06,326.75466854448496,2026-02-13,306.58094814812887,stop,-623.3965466574383
GOOGL,short,2025-10-31,282.6569440736325,2025-11-13,278.0260009765625,time,157.83616939775635
GOOGL,short,2025-11-20,303.94529376978943,2025-11-25,325.5729598317621,stop,-717.5644329848925
GOOGL,short,2026-02-05,311.814107165092,2026-02-05,329.4557337298886,stop,-571.7738427933313
TSLA,long,2025-10-24,446.8299865722656,2025-11-06,445.9100036621094,time,-26.58910408438863
AMD,long,2025-09-19,157.3800048828125,2025-10-02,169.77071403168213,target,781.3115239827277
AMD,short,2025-10-07,214.85000610351562,2025-10-08,234.3744204434113,stop,-914.7462781122158
AMD,short,2026-01-16,234.3000030517578,2026-01-22,253.3024497669296,stop,-817.0305790723382
SPY,long,2025-11-24,657.2448196444445,2025-11-28,676.4823278210873,target,286.69927432900687
SPY,long,2026-01-22,686.2033478813381,2026-02-04,682.5626831054688,time,-59.05518819035182
SPY,short,2025-10-13,655.2216030747315,2025-10-21,667.045821812275,stop,-186.46136882630793
QQQ,long,2025-11-24,593.1135933516537,2025-12-02,617.3423666538955,target,402.50139962778974
QQQ,long,2026-01-22,620.8838887514372,2026-02-04,603.7316834765892,stop,-282.25463610177036
QQQ,short,2025-10-13,597.497493628088,2025-10-24,613.7481802624443,stop,-277.9791598736232
JPM,long,2025-10-15,302.1002149225357,2025-10-22,289.65562496624426,stop,-417.93581935989323
JPM,long,2025-11-24,294.0642973394352,2025-11-28,308.0490018344016,target,469.56621533092925
BAC,long,2025-10-15,50.75130373732332,2025-10-28,52.030662536621094,time,246.0839279163023
GS,long,2025-10-15,767.3410573489115,2025-10-28,780.615966796875,time,166.99881611740008
GS,short,2026-01-20,937.2947121626017,2026-02-02,937.2451782226562,time,-5.471522251189848
MS,long,2025-10-15,160.19535845428618,2025-10-28,162.43710327148438,time,133.9381878993644
MS,long,2025-11-24,159.5878986248352,2025-11-28,168.2341233520733,target,535.7844837699115
MS,short,2025-10-16,160.3526627310707,2025-10-29,161.2769012451172,time,-63.63786508469426
MS,short,2026-01-20,183.2496002842609,2026-02-02,184.110595703125,time,-52.98484567106753
V,long,2025-11-07,334.67896377827793,2025-11-18,322.13703366744716,stop,-380.7450980856892
V,long,2026-01-13,335.6107496370988,2026-01-13,323.5065865944569,stop,-366.6607671455797
XOM,short,2025-12-10,117.14871962735373,2025-12-23,117.82952880859375,time,-64.11494853769305
XOM,short,2026-01-07,118.20446913989147,2026-01-09,122.73998832654028,stop,-389.7011594951756
XOM,short,2026-01-30,136.89222281998863,2026-02-03,142.03534377917916,stop,-381.7058548135106
CVX,long,2025-11-25,146.11917343423175,2025-12-09,145.7168426513672,time,-33.534427783062476
CVX,short,2026-01-07,154.49970076140028,2026-01-13,160.86609548911045,stop,-418.0651817664056
CVX,short,2026-01-30,169.3961858830405,2026-02-03,175.35607759174033,stop,-357.83151719926144
UNH,short,2025-10-29,357.01662267617155,2025-10-30,338.4613653663618,target,513.7309069454759
LLY,long,2026-01-20,1024.6729775680276,2026-01-22,1088.314460433963,target,615.0906724307574
LLY,short,2025-11-06,923.5053769391623,2025-11-10,975.2598595514909,stop,-566.4134410550165
JNJ,long,2025-09-22,173.0584546641959,2025-09-29,177.8822215693272,target,272.73627523667733
JNJ,short,2025-11-24,200.20295905358444,2025-12-08,199.4070281982422,time,33.75619836514066
PFE,short,2025-12-17,24.575866720400242,2025-12-31,24.09208869934082,time,190.8508482583209
MRK,long,2025-10-31,83.47311362208151,2025-11-11,87.1316490377949,target,432.289079796057
MRK,short,2025-11-17,91.10511521627599,2025-11-21,95.66437113423308,stop,-506.43907053229697
MRK,short,2025-11-25,98.43418663413324,2025-12-09,94.68169403076172,time,375.21842945876506
WMT,long,2025-11-17,101.96706978923936,2025-11-20,105.60479124842578,target,350.7545352343071
WMT,short,2025-09-18,103.1598894226062,2025-10-01,101.35076141357422,time,169.3712629160231
WMT,short,2025-11-24,104.73045242289056,2025-11-28,109.29165204429977,stop,-441.51799079331266
COST,long,2025-09-30,912.3833949632594,2025-10-13,931.6118774414062,time,204.75002662582554
COST,long,2025-12-15,879.6301524301697,2025-12-16,848.5454678145647,stop,-359.3835729678747
DIS,long,2025-09-22,110.16479247632579,2025-10-01,114.26097424272093,target,365.8231273639816
DIS,long,2025-11-14,105.98531455188389,2025-11-24,100.50311222592892,stop,-523.2605609686821
DIS,long,2026-02-04,103.40764298579708,2026-02-10,108.77475541739113,target,513.0247332425147
NKE,long,2025-11-06,60.54029748808268,2025-11-13,64.2873769103466,target,612.9397108597827
NKE,short,2025-10-03,73.16100700586584,2025-10-07,69.34987071860206,target,514.9245256777584
MCD,long,2025-09-19,296.2253518692649,2025-10-02,294.4383239746094,time,-66.32663589996213
CRM,long,2025-08-13,231.0544143011577,2025-08-19,243.64483046000703,target,538.9113013888973
CRM,long,2025-10-07,244.83693705054466,2025-10-20,252.5849609375,time,310.4564946895987
CRM,short,2025-10-17,244.92635080680267,2025-10-21,261.08627714086384,stop,-665.7871678906486
ORCL,long,2025-12-12,194.49398811107298,2025-12-26,196.09852600097656,time,76.49807130219722
ORCL,long,2026-01-30,167.0036818626301,2026-02-04,150.20961227074974,stop,-1011.6107389113978
ADBE,long,2026-02-05,277.489990234375,2026-02-11,257.1957951020568,stop,-737.3487277568897
ADBE,short,2025-09-15,350.5,2025-09-26,360.3699951171875,time,-287.5975782364477
AVGO,short,2025-09-08,340.2569033164437,2025-09-10,364.506193206732,stop,-718.6759120515525
QCOM,short,2025-09-22,164.33581868230908,2025-09-24,171.116301450746,stop,-418.59920221925705
MU,short,2025-09-12,153.3039320274553,2025-09-18,164.40913426860487,stop,-730.3912203870128
MU,short,2026-01-06,318.09740553134617,2026-01-12,347.9308465309657,stop,-943.8712457521021
INTC,short,2025-08-18,24.0,2025-08-19,26.044781174196334,stop,-857.99215591514
INTC,short,2025-09-19,30.3799991607666,2025-09-25,33.069296302538575,stop,-891.2196234570631
INTC,short,2025-10-27,38.38999938964844,2025-10-28,42.17849869450613,stop,-992.8453673065791
INTC,short,2026-01-06,39.86000061035156,2026-01-07,43.324532312858906,stop,-875.1750249516073
NFLX,long,2025-10-03,116.5,2025-10-09,122.0853930440172,target,473.4328793147806
NFLX,long,2025-11-25,106.12000274658203,2025-12-05,98.77999877929688,stop,-697.6701637120492
NFLX,long,2026-01-22,85.0199966430664,2026-02-03,80.07696988158324,stop,-587.3957841277195
IWM,long,2025-11-17,234.69310121581427,2025-11-25,243.54099575966126,target,370.9984928406922
IWM,short,2025-09-18,239.00066246491727,2025-10-01,240.6780548095703,time,-76.18358557475901
XLF,long,2025-10-15,52.78670243491598,2025-10-16,51.39776680323762,stop,-269.1222576160852
XLF,long,2025-10-20,51.72958819803256,2025-10-31,51.739463806152344,time,-4.0909169270826276
XLF,long,2026-01-15,53.754416076553284,2026-01-27,52.387343706905874,stop,-260.3181508474612
